customer_tweet_id,customer_text,human_intent,human_secondary_intent,human_turn_type,human_escalate,human_flags,human_note,suggested_intent,suggested_secondary_intent,suggested_turn_type,suggested_confidence,suggested_flags,agrees_with_suggestion,labeled_at,human_intent_v2,v2_status,v2_rule,v2_confidence,v2_changed,v2_reason,v2_source
989345,@118189 I usually have other documents which belong to a text but I can't keep them together if I want to use Paper.,feature_request,,first_contact,False,,,how_to_usage,,first_contact,0.95,,False,2026-09-11T04:48:10.320136+00:00,feature_request,resolved,R1b,medium,False,"States a missing capability in Paper, asks nothing, nothing is broken.",adjudication_v2.csv + taxonomy.md Part 11 R1b
2623839,"Soy sólo yo o @118189 se curo, choco curao y lo remplazaron con el primo feo de provincia?",complaint_dissatisfaction,,first_contact,False,abusive_content,,complaint_dissatisfaction,,first_contact,0.95,,True,2026-09-11T04:50:22.121723+00:00,complaint_dissatisfaction,resolved,,,False,,"original label, not reviewed"
810000,@DropboxSupport Has Dropbox Support always been this bad? Still no intelligent answer.,complaint_dissatisfaction,sync_app_bug,nudging_no_response,True,,,complaint_dissatisfaction,,first_contact,0.95,,True,2026-09-11T04:51:19.535656+00:00,complaint_dissatisfaction,resolved,,,False,,"original label, not reviewed"
232548,".@118189, with the new #iOS11, I can’t export files to my phone, i.e. edited videos for Instagram. App crashes so used Google Drive.",sync_app_bug,,first_contact,False,,,sync_app_bug,,first_contact,0.95,,True,2026-09-11T04:52:01.476625+00:00,sync_app_bug,resolved,,,False,,"original label, not reviewed"
1507042,@DropboxSupport Thank you for your responses. I have messaged you the ticket number received last evening.,no_action_needed,,providing_requested_info,False,,,no_action_needed,,providing_requested_info,0.9,,True,2026-09-11T04:52:56.737522+00:00,no_action_needed,resolved,,,False,,"original label, not reviewed"
1972451,@DropboxSupport Also if I can a showcase can a read only version be shared with clients ?,sharing_permissions,,first_contact,False,,"additional question, not asked before",sharing_permissions,how_to_usage,first_contact,0.95,,True,2026-09-11T07:00:23.568139+00:00,sharing_permissions,resolved,,,False,,"original label, not reviewed"
2430108,"@DropboxSupport hi there! Is dropbox down today? I'm getting ""This site can't be reached"" messages. HALP!",service_outage,,first_contact,False,needs_human_triage,,service_outage,,first_contact,0.98,,True,2026-09-11T07:03:29.048106+00:00,service_outage,resolved,,,False,,"original label, not reviewed"
2124237,"Hey @118189, stop using IP addresses with no host records. Littlesnitch has to ask me permission to allow Dropbox to connect every time 😒",complaint_dissatisfaction,,first_contact,False,,,feature_request,complaint_dissatisfaction,first_contact,0.95,,False,2026-09-11T07:05:09.683072+00:00,feature_request,resolved,R1b,high,True,Proposes a specific product change ('stop using IP addresses with no host records'). Annoyance is the frame.,adjudication_v2.csv + taxonomy.md Part 11 R1b
1299266,"@DropboxSupport ""Because you’ve already reached your quota, your Dropbox will stop syncing files"". It will continue syncing until sub runs out, yes? 2/2",storage_quota_plan_limits,,first_contact,False,,,storage_quota_plan_limits,,first_contact,0.95,,True,2026-09-11T07:06:17.805181+00:00,storage_quota_plan_limits,resolved,,,False,,"original label, not reviewed"
1497111,"So @118189 bills me $990 Cdn for ‘free trial’ of crap product, and now tells me their policy does not allow a refund. Nice fraud! Shame! https://t.co/lKkAEvqvCK",complaint_dissatisfaction,billing_subscription,first_contact,True,needs_human_triage,,billing_subscription,,first_contact,0.95,,False,2026-09-11T07:08:42.492192+00:00,billing_subscription,resolved,R1d,high,True,"Asserts a correctable billing fact (charged $990, refund refused). Support can act on it, so the topic wins over the grievance frame.",adjudication_v2.csv + taxonomy.md Part 11 R1d
399225,"@DropboxSupport The other problem! In my shared folder with others, i selected remove my access and keep a copy. But....just no any response, Advise pls",sharing_permissions,how_to_usage,first_contact,False,,"additional question, different context from previous question",sharing_permissions,,first_contact,0.95,,True,2026-09-11T07:15:50.057921+00:00,sharing_permissions,resolved,,,False,,"original label, not reviewed"
1495052,@118189 I need more space and refuse to pay for 5 users on Business. What are my options?,storage_quota_plan_limits,,first_contact,False,,no human required yet as agent can explain the plans,billing_subscription,storage_quota_plan_limits,first_contact,0.92,,False,2026-09-11T07:17:20.780428+00:00,billing_subscription,resolved,R6a,high,True,'What are my options' where the answer is a plan and its cost.,adjudication_v2.csv + taxonomy.md Part 11 R6a
1979514,#phishing #TakeItDown @118189 Business credential phish hxxps://momyco[.]men/file-directory/open-document-512KB/Microsoft-pages.docx https://t.co/MVL8RNFeU0,phishing_abuse_report,,first_contact,True,needs_human_triage,phishing is high priority and needs a human triage,phishing_abuse_report,,first_contact,0.99,,True,2026-09-11T07:18:17.249928+00:00,phishing_abuse_report,resolved,,,False,,"original label, not reviewed"
799566,@DropboxSupport is dropbox down? we cant access it,service_outage,,first_contact,False,,would need human triage if large amount of requests comes,service_outage,,first_contact,0.95,,True,2026-09-11T07:18:59.886662+00:00,service_outage,resolved,,,False,,"original label, not reviewed"
857482,"Hey @118189 - what's this about, sending Phishing scam notifications to your users? shared ""FROM THE DESK OF PETER AMANGBO.txt""",phishing_abuse_report,,first_contact,True,needs_human_triage,phishing is high priority and needs human triage,phishing_abuse_report,,first_contact,0.98,,True,2026-09-11T07:19:42.940778+00:00,phishing_abuse_report,resolved,,,False,,"original label, not reviewed"
2430111,"how do i restore files as ive been hacked
@DropboxSupport",data_loss_recovery,security_account_compromise,first_contact,True,needs_human_triage,,security_account_compromise,data_loss_recovery,first_contact,0.95,,False,2026-09-11T07:20:25.635530+00:00,data_loss_recovery,resolved,,,False,,"original label, not reviewed"
2619184,@101227 - you have a outage with @118189?,service_outage,,first_contact,False,,,service_outage,,first_contact,0.95,,True,2026-09-11T07:23:28.897935+00:00,service_outage,resolved,,,False,,"original label, not reviewed"
1600556,@DropboxSupport i can't open a shared link. Just keeps loading the files but never shows them,sync_app_bug,sharing_permissions,first_contact,False,,,sharing_permissions,,first_contact,0.95,,False,2026-09-11T07:26:50.817205+00:00,sync_app_bug,resolved,R3b,medium,False,"A shared link that 'keeps loading' is a client rendering failure, not a permission denial. R3 as originally drafted got this wrong.",adjudication_v2.csv + taxonomy.md Part 11 R3b
2124283,@DropboxSupport -- Someone has launched a Dropbox phishing expedition. Just received this email. https://t.co/EosdQo2NXU,phishing_abuse_report,,first_contact,True,needs_human_triage,,phishing_abuse_report,,first_contact,0.99,,True,2026-09-11T07:27:20.165767+00:00,phishing_abuse_report,resolved,,,False,,"original label, not reviewed"
1187536,@DropboxSupport Is Paper down right now? Getting 500 errors.,service_outage,,first_contact,False,,,service_outage,,first_contact,0.98,,True,2026-09-11T07:27:32.408428+00:00,service_outage,resolved,,,False,,"original label, not reviewed"
1824519,Hey @118189 @DropboxSupport your servers are down. Please fix it so I can stop having a panic attack. Thank you!!! &lt;3,service_outage,,first_contact,False,,,service_outage,,first_contact,0.98,,True,2026-09-11T07:27:52.821768+00:00,service_outage,resolved,,,False,,"original label, not reviewed"
1577600,@DropboxSupport my shared link always show error 429 ... this happens from nearly 2 years ago till now !,sharing_permissions,sync_app_bug,first_contact,True,,should be escalted because 2 years is a long time,sharing_permissions,,first_contact,0.95,,True,2026-09-11T07:29:06.491290+00:00,sharing_permissions,resolved,,,False,,"original label, not reviewed"
409269,Hey @DropboxSupport- I spent several hours adding comments to pics in a shared file and I'm the only one who can see them. Not helpful.,sharing_permissions,,first_contact,False,,,sharing_permissions,,first_contact,0.95,,True,2026-09-11T07:30:26.873175+00:00,sharing_permissions,resolved,,,False,,"original label, not reviewed"
2956783,@DropboxSupport I use a shared Dropbox between 6 people. Everyone can add to the Dropbox except for me. It says my Dropbox is full. The only thing on the Dropbox is the shared folder. Why can’t I add anything,sharing_permissions,how_to_usage,first_contact,False,,,storage_quota_plan_limits,,first_contact,0.95,,False,2026-09-11T07:30:56.882862+00:00,storage_quota_plan_limits,resolved,R3b,high,True,Shared-folder object but a quota symptom; the answer the customer needs is quota mechanics. This is the row that forced R3 to be narrowed.,adjudication_v2.csv + taxonomy.md Part 11 R3b
2636354,"@DropboxSupport I have deleted files from 'My Files' and permanently deleted from 'Deleted Files' but still shows full quota, what else do I need to do to clear up space?",storage_quota_plan_limits,how_to_usage,first_contact,False,,,storage_quota_plan_limits,,first_contact,0.95,,True,2026-09-11T07:32:04.420304+00:00,storage_quota_plan_limits,resolved,,,False,,"original label, not reviewed"
1948614,@118189 I have been hacked and a document sent to my entire email contact list. Please can someone contact me?,security_account_compromise,,first_contact,True,wants_human;needs_human_triage,,security_account_compromise,,first_contact,0.95,wants_human,True,2026-09-11T07:32:57.471830+00:00,security_account_compromise,resolved,,,False,,"original label, not reviewed"
2032832,"@DropboxSupport - my sister uploaded files through a share link I sent her, but I can't see her photos. Any ideas?",sharing_permissions,how_to_usage,first_contact,False,,,sharing_permissions,,first_contact,0.95,,True,2026-09-11T07:33:23.497660+00:00,sharing_permissions,resolved,,,False,,"original label, not reviewed"
1347292,"@DropboxSupport It’s from a shared folder, so not sure...",sharing_permissions,,providing_requested_info,False,,,sharing_permissions,,first_contact,0.6,,True,2026-09-11T07:34:10.216344+00:00,sharing_permissions,resolved,,,False,,"original label, not reviewed"
2607972,@118189 - wee bug on accepting a shared folder - https://t.co/KSDfUjpEZQ,sync_app_bug,,first_contact,False,,,sharing_permissions,,first_contact,0.95,,False,2026-09-11T07:34:34.037975+00:00,sharing_permissions,resolved,R3a,high,True,'accepting a shared folder' is a membership/join action.,adjudication_v2.csv + taxonomy.md Part 11 R3a
1834904,"@DropboxSupport Dropbox down, Firefox can't find the server at https://t.co/J4FrCoz6Fd - same in Edge, Chrome - help?",service_outage,,first_contact,False,,,service_outage,,first_contact,0.98,,True,2026-09-11T07:34:49.880783+00:00,service_outage,resolved,,,False,,"original label, not reviewed"
149031,What are the best practices to signal a phishing page targeting @118189 users ?,phishing_abuse_report,,first_contact,True,,,phishing_abuse_report,,first_contact,0.95,,True,2026-09-11T07:35:24.240649+00:00,phishing_abuse_report,resolved,,,False,,"original label, not reviewed"
622045,Alright @118189 it’s 2017 the fact that one shared folder uses up my entire quota is not cool.,complaint_dissatisfaction,,first_contact,False,,,storage_quota_plan_limits,,first_contact,0.95,,False,2026-09-11T07:35:46.787166+00:00,storage_quota_plan_limits,resolved,R1d,medium,True,"Asserts how shared-folder quota works ('one shared folder uses up my entire quota'). Support can explain the mechanic, so R1d beats R1c.",adjudication_v2.csv + taxonomy.md Part 11 R1d
2425723,This is very disapointing @118189. You can't simply change the permission settings to 'everybody with the link can edit'... i understand you need to make money but this is such a basic functionality that just should work... https://t.co/fZL7urdEZW,complaint_dissatisfaction,sharing_permissions,first_contact,False,,,sharing_permissions,,first_contact,0.95,,False,2026-09-11T07:36:24.421617+00:00,sharing_permissions,resolved,R1d,medium,True,"Asserts a permissions capability does not exist. That claim is correctable, so it routes to the topic rather than to complaint.",adjudication_v2.csv + taxonomy.md Part 11 R1d
2629478,"@DropboxSupport WTF is going on.I keep getting messages saying my Dropbox is full and to pay for more space. So I delete loads of ancient jpgs, only to find them all being reloaded, but I cannot find where the instruction is hidden to STOP THIS HAPPENING. Please advise.",how_to_usage,complaint_dissatisfaction,first_contact,True,,customer frustrated and hence escalated to human,storage_quota_plan_limits,,first_contact,0.95,,False,2026-09-11T07:37:33.308923+00:00,storage_quota_plan_limits,resolved,R4,high,True,Deleted files reappearing with the quota still full -- taxonomy.md's named storage case.,adjudication_v2.csv + taxonomy.md Part 11 R4
438562,"Warning ..looks like a phishing under guise of @DropboxSupport

No name who sent document and one would think @118189 could spell ""view"" https://t.co/RGVGP7o5Cc",phishing_abuse_report,,first_contact,True,needs_human_triage,,phishing_abuse_report,,first_contact,0.99,,True,2026-09-11T07:37:53.176442+00:00,phishing_abuse_report,resolved,,,False,,"original label, not reviewed"
2119014,@DropboxSupport Why is the web browser displaying 'too many login attempts' even on my first login? I can't access dropbox website at all.,account_access,,first_contact,True,,cannot access the account at all and hence human escalation required,account_access,,first_contact,0.95,,True,2026-09-11T07:39:37.711094+00:00,account_access,resolved,,,False,,"original label, not reviewed"
259327,@DropboxSupport how can I eliminate a Team folder? It's imposible and the person is no longer available for me to reach to!,how_to_usage,,first_contact,False,,,sharing_permissions,,first_contact,0.95,,False,2026-09-11T07:39:52.906047+00:00,sharing_permissions,resolved,R3a,high,True,"Subject matter is a team folder, so sharing_permissions claims it including the how-to.",adjudication_v2.csv + taxonomy.md Part 11 R3a
2150101,"@DropboxSupport i have many troubles in my account, i don't have permission to create file sharing link and my old file links  show me always this messg from all browsers !! how i hit the limits !!! i don't use my account too much https://t.co/vd7Q7hSsK5",sharing_permissions,storage_quota_plan_limits,first_contact,True,,,sharing_permissions,storage_quota_plan_limits,first_contact,0.95,,True,2026-09-11T07:40:28.068579+00:00,sharing_permissions,resolved,,,False,,"original label, not reviewed"
1040842,"@232660 @366207 @71151 @118189 They replied.

""You have successfully redeemed your license key.

Key1 - Redeemed 26th November 2016, Active on next renewal date 18th November 2017.
Key2 - Redeemed 15th November 2017, Active on next renewal date 18th November 2018.""

Asked them to update the billing page though",no_action_needed,,confirming_resolved,False,,,billing_subscription,,first_contact,0.95,,False,2026-09-11T07:41:25.365171+00:00,no_action_needed,resolved,,,False,,"original label, not reviewed"
1874043,@118189 Sad cos I can't remember which email my first cudi concert is under and which email the Especial Tour was under either 😞,how_to_usage,,first_contact,False,,nothing we can do user has to try all the combinations,account_access,,first_contact,0.92,,False,2026-09-11T07:43:27.103378+00:00,no_action_needed,resolved,R9a,high,True,"About concert tickets, not Dropbox. Off-topic is a valid no_action_needed, unlike unroutable.",adjudication_v2.csv + taxonomy.md Part 11 R9a
2768650,"@DropboxSupport Iv just lost my PHD docx file, I cant find this file in my computer and in dropbox!!! I lost 2 months of my work, is there any way to restor my file?",data_loss_recovery,how_to_usage,first_contact,True,,,data_loss_recovery,,first_contact,0.92,,True,2026-09-11T07:54:02.437879+00:00,data_loss_recovery,resolved,,,False,,"original label, not reviewed"
1788320,@118189 my desktop app (Mac) is syncing at a snail's pace today. Is the service having issues?,service_outage,,first_contact,False,needs_human_triage,,sync_app_bug,,first_contact,0.95,,False,2026-09-11T15:41:14.159148+00:00,sync_app_bug,resolved,R8a,high,True,"A device-specific symptom ('my desktop app (Mac) is syncing at a snail's pace') governs over the speculative outage question, which becomes secondary_intent.",adjudication_v2.csv + taxonomy.md Part 11 R8a
1577541,"this should read “hi Elara your @118189 is full but we can help if you give us money. also we don’t have a student discount, so fuck you.” https://t.co/e8DIsWJNKg",storage_quota_plan_limits,complaint_dissatisfaction,disputing_prior_answer,False,abusive_content,,complaint_dissatisfaction,,first_contact,0.95,abusive_content,False,2026-09-11T15:44:03.094935+00:00,complaint_dissatisfaction,resolved,R1c,high,True,"Parody of an upsell ending in profanity; evaluates the company, proposes nothing, asserts no correctable fact.",adjudication_v2.csv + taxonomy.md Part 11 R1c
1851629,Is @DropboxSupport down? Mac Client does not sync….,service_outage,,first_contact,False,needs_human_triage,,service_outage,,first_contact,0.95,,True,2026-09-11T15:44:31.688526+00:00,service_outage,resolved,,,False,,"original label, not reviewed"
2222820,"@DropboxSupport Hi guys, I am getting notifications from my work account on my home computer. How can I unlink their account from home? __email__",how_to_usage,,first_contact,False,,,account_access,,first_contact,0.95,,False,2026-09-11T15:45:31.628659+00:00,how_to_usage,resolved,R7b,high,False,"Customer is authenticated and wants to perform an operation (unlink a device). Not blocked from the account, so account_access loses.",adjudication_v2.csv + taxonomy.md Part 11 R7b
1041951,"@DropboxSupport Smart Sync = still beta? It's listed as a feature in your biz plans, but it's also in ""Early Access"" in the admin backend. 🤔",how_to_usage,complaint_dissatisfaction,first_contact,False,,,how_to_usage,,first_contact,0.95,,True,2026-09-11T15:50:13.528848+00:00,how_to_usage,resolved,,,False,,"original label, not reviewed"
1781362,"@535205 Word a décidé ajdh de décaler tous les chiffres/reférnce de ma biblio sans raison apparente. Sauvée par @118189, #TimeTravel",no_action_needed,,first_contact,False,,,no_action_needed,,first_contact,0.85,,True,2026-09-11T15:51:26.873278+00:00,no_action_needed,resolved,,,False,,"original label, not reviewed"
2187450,@DropboxSupport IT will be awesome when those last 13 files upload in 7 days time 😆🔫,sync_app_bug,complaint_dissatisfaction,first_contact,False,,,sync_app_bug,,first_contact,0.92,,True,2026-09-11T15:54:16.574458+00:00,sync_app_bug,resolved,,,False,,"original label, not reviewed"
1972693,"@DropboxSupport 350/350, no firewalls or anything in between.",sync_app_bug,,providing_requested_info,False,,,storage_quota_plan_limits,,first_contact,0.92,,False,2026-09-11T15:57:21.531527+00:00,sync_app_bug,insufficient_context,R9b,n/a,False,"'350/350, no firewalls or anything in between' is pure providing_requested_info.",adjudication_v2.csv + taxonomy.md Part 11 R9b
241285,@DropboxSupport I CANT SEEM TO SIGN IN SO I CAN CANCEL MY 9.99 FEE EVERY MONTH.  JUST GET THE RUNAROUND ON YOUR SITE...GOING TO CONTACT bbb,account_access,billing_subscription,first_contact,True,churn_threat,,account_access,billing_subscription,first_contact,0.92,churn_threat,True,2026-09-11T15:58:59.335458+00:00,account_access,resolved,,,False,,"original label, not reviewed"
1561611,@118189 I am having difficulty uploading a file to a link that was shared. Can you help me please? Emergency,sharing_permissions,,first_contact,True,,emergency hence escalation,sharing_permissions,,first_contact,0.92,,True,2026-09-11T16:04:11.422241+00:00,sharing_permissions,resolved,,,False,,"original label, not reviewed"
1644499,@502546 @DropboxSupport Same here!,no_action_needed,,first_contact,False,,,no_action_needed,,first_contact,0.95,,True,2026-09-11T16:06:03.987089+00:00,no_action_needed,resolved,,,False,,"original label, not reviewed"
838554,@DropboxSupport The auto checkbox &amp; star features are making my business user experience worthless. How do I disable?!,complaint_dissatisfaction,,first_contact,False,,,how_to_usage,,first_contact,0.95,,False,2026-09-11T16:09:58.647355+00:00,how_to_usage,resolved,R1a,high,True,Ends in an explicit answerable question ('How do I disable?!'). Actionable request outranks the grievance frame.,adjudication_v2.csv + taxonomy.md Part 11 R1a
1862733,"Super excited for the @118189 Smart Sync feature, but £19.99 a month seems a little steep to me 🙃",complaint_dissatisfaction,,first_contact,False,,,complaint_dissatisfaction,feature_request,first_contact,0.92,,True,2026-09-11T16:10:16.494090+00:00,complaint_dissatisfaction,resolved,,,False,,"original label, not reviewed"
1041902,@DropboxSupport I sent it from a link You guys sent me over private message last Month. So I guess u can’t do anything once again even tho I’m BUSINESS PLAN,complaint_dissatisfaction,,nudging_no_response,False,,,account_access,,first_contact,0.8,,False,2026-09-11T17:39:04.536143+00:00,complaint_dissatisfaction,insufficient_context,R9b,n/a,False,Mid-thread reply about an earlier DM link; no topic recoverable from the tweet alone.,adjudication_v2.csv + taxonomy.md Part 11 R9b
2828924,@DropboxSupport I Have done this. Too bad it didn't solve the problem,sync_app_bug,,disputing_prior_answer,True,,already done the troubleshooting and hence escalated,complaint_dissatisfaction,,first_contact,0.92,,False,2026-09-11T17:40:54.314183+00:00,sync_app_bug,insufficient_context,R9b,n/a,False,'I Have done this. Too bad it didn't solve the problem' carries no topic; correct handling is turn_type=disputing_prior_answer.,adjudication_v2.csv + taxonomy.md Part 11 R9b
1419325,@DropboxSupport Please fasr!!,service_outage,,nudging_no_response,False,,,no_action_needed,,first_contact,0.4,,False,2026-09-11T17:43:01.783413+00:00,service_outage,resolved,,,False,,"original label, not reviewed"
2867703,@DropboxSupport I don't understand - I'm willing to pay the difference - to get the additional features your selling - why won't you sell them to me? What are my options - just waste that 1 year of plus or be without the new features?,billing_subscription,complaint_dissatisfaction,first_contact,False,,,billing_subscription,feature_request,first_contact,0.92,,True,2026-09-11T17:46:50.978523+00:00,billing_subscription,resolved,,,False,,"original label, not reviewed"
1729545,@DropboxSupport will you update your iOS app to take advantage of iOS 11’s smart invert?,feature_request,,first_contact,False,,,feature_request,,first_contact,0.95,,True,2026-09-11T17:47:14.822966+00:00,feature_request,resolved,,,False,,"original label, not reviewed"
1050476,"@368258 @118189 @DropboxSupport whoever is controlling your Jira board needs to be fired, this was not a priority. More like a hinderance. :((",complaint_dissatisfaction,,first_contact,False,,,no_action_needed,,first_contact,0.95,,False,2026-09-11T17:48:44.790583+00:00,complaint_dissatisfaction,resolved,R1c,high,False,"Evaluates the company's conduct, proposes no product change, asserts no correctable fact. Textbook R1c.",adjudication_v2.csv + taxonomy.md Part 11 R1c
929722,@DropboxSupport I cancelled my subscription yesterday to drop box plus and was still charged. Why did that happen? I followed Yor FAQ.,billing_subscription,complaint_dissatisfaction,first_contact,True,,money involved and hence needs human,billing_subscription,,first_contact,0.95,,True,2026-09-11T17:51:48.588196+00:00,billing_subscription,resolved,,,False,,"original label, not reviewed"
1331576,@DropboxSupport @430646 @118189 Please advise https://t.co/3T7SOhdncK,no_action_needed,,first_contact,False,,,no_action_needed,,first_contact,0.6,,True,2026-09-11T17:53:30.118880+00:00,no_action_needed,resolved,,,False,,"original label, not reviewed"
1339451,@DropboxSupport How can I control reminders for Showcase emails? I can see this annoying some clients who download docs without signing in,feature_request,,first_contact,False,,,how_to_usage,,first_contact,0.95,,False,2026-09-11T17:56:50.881568+00:00,how_to_usage,resolved,R1a,high,True,Opens with an answerable question about controlling reminders; the feedback that follows belongs in secondary_intent.,adjudication_v2.csv + taxonomy.md Part 11 R1a
3485,"@DropboxSupport hi, when I follow the link, dropbox asks me to log in with my biz account. I want to apply it to my personal account",account_access,how_to_usage,first_contact,False,,,how_to_usage,,first_contact,0.95,,False,2026-09-11T18:06:16.525684+00:00,how_to_usage,resolved,R7b,medium,True,"Customer can authenticate to both accounts and wants the link to open under a different one -- an operation, not a lockout.",adjudication_v2.csv + taxonomy.md Part 11 R7b
2700303,@DropboxSupport No phone support for Dropbox Plus members? Tbh I keep having problems with @118189 #disappointedcustomer,how_to_usage,complaint_dissatisfaction,first_contact,False,,,how_to_usage,complaint_dissatisfaction,first_contact,0.92,wants_human,True,2026-09-11T18:09:04.732673+00:00,how_to_usage,resolved,,,False,,"original label, not reviewed"
241283,@DropboxSupport I can't download dropbox mobile after the last update on Microsoft store,complaint_dissatisfaction,,first_contact,False,,,sync_app_bug,,first_contact,0.92,,False,2026-09-11T18:13:57.305553+00:00,sync_app_bug,resolved,R1a,high,True,"'I can't download dropbox mobile after the last update' -- neutral tone, concrete malfunction.",adjudication_v2.csv + taxonomy.md Part 11 R1a
1843215,@DropboxSupport All good thanks!,no_action_needed,,confirming_resolved,False,,,no_action_needed,,first_contact,0.99,,True,2026-09-11T18:14:12.006266+00:00,no_action_needed,resolved,,,False,,"original label, not reviewed"
1856823,Just crazy the new prices for @118189 plans. Geez! 😐,complaint_dissatisfaction,,first_contact,False,,,billing_subscription,,first_contact,0.95,,False,2026-09-11T18:15:03.305862+00:00,complaint_dissatisfaction,resolved,R1c,high,False,"Objects to cost only ('Just crazy the new prices'); proposes no packaging change, so R1b does not apply.",adjudication_v2.csv + taxonomy.md Part 11 R1c
847924,"@118189 People: give us smart sync, please.
Dropbox: hold my beer while I create a more expensive plan and ignore plus users",feature_request,,first_contact,False,,,feature_request,complaint_dissatisfaction,first_contact,0.92,,True,2026-09-11T18:15:16.168811+00:00,feature_request,resolved,,,False,,"original label, not reviewed"
2507946,@118189 is the 2FA down right now?,service_outage,,first_contact,False,needs_human_triage,,account_access,,first_contact,0.95,,False,2026-09-11T18:16:08.861757+00:00,service_outage,resolved,,,False,,"original label, not reviewed"
1863374,"@DropboxSupport Did the taskbar icon change?  I'm missing the green check, now see only the white box, which usually indicates network down",how_to_usage,,first_contact,False,,no right answer just classified to least wrong,sync_app_bug,,first_contact,0.95,,False,2026-09-11T18:18:05.017022+00:00,how_to_usage,resolved,R2,medium,False,"Asks whether the icon changed by design. Resolved the same way as 615215, which removes the v1 self-inconsistency between the two green-check tweets.",adjudication_v2.csv + taxonomy.md Part 11 R2
2243327,@DropboxSupport Seem to have lost lots of files i have uploaded to Dropbox. I can see them in events. How can i get help?,data_loss_recovery,how_to_usage,first_contact,False,,,data_loss_recovery,,first_contact,0.92,,True,2026-09-11T18:18:59.584623+00:00,data_loss_recovery,resolved,,,False,,"original label, not reviewed"
1960101,@118189 can you dm me a customer service phone number please - technical support,complaint_dissatisfaction,,first_contact,True,,user want human assistance,how_to_usage,,first_contact,0.9,wants_human,False,2026-09-11T18:19:33.433678+00:00,how_to_usage,resolved,R1a,medium,True,"REVISED IN 2C. First draft invented a taxonomy_gap status for 'which channel can I reach you on'. The 2C sweep found 2700303 ('No phone support for Dropbox Plus members?') where human and model both said how_to_usage -- support-channel availability is an answerable product question, so the gap was unnecessary. Escalation is still carried by wants_human.",adjudication_v2.csv + taxonomy.md Part 11 R1a
1960138,"I don't like the new @118189 tray icon, every time I see it I think there's something wrong with it",feature_request,,first_contact,False,,feedback for UI,complaint_dissatisfaction,,first_contact,0.95,,False,2026-09-11T18:20:07.006877+00:00,feature_request,resolved,R1b,high,False,Dislike of a UI element is product feedback. This is the counterexample that forced R1b to exist.,adjudication_v2.csv + taxonomy.md Part 11 R1b
615215,@118189 why did you remove the green check that signs everything is alright and I'm connected to the dropbox cloud?,complaint_dissatisfaction,,first_contact,False,,,how_to_usage,,first_contact,0.8,,False,2026-09-11T18:20:43.416655+00:00,how_to_usage,resolved,R1a,medium,True,"'why did you remove the green check' is answerable, and the icon changed by design, so R2 keeps it out of sync_app_bug.",adjudication_v2.csv + taxonomy.md Part 11 R1a
1958723,@118189 *space,no_action_needed,,first_contact,False,,no context or anything,no_action_needed,,first_contact,0.95,,True,2026-09-11T18:21:10.165221+00:00,no_action_needed,resolved,,,False,,"original label, not reviewed"
768404,@118189 What's the difference between this and plus and free vision,billing_subscription,,first_contact,False,,,how_to_usage,,first_contact,0.95,,False,2026-09-11T18:21:29.324586+00:00,billing_subscription,resolved,R6a,medium,False,Plan comparison whose answer is what each tier costs and includes.,adjudication_v2.csv + taxonomy.md Part 11 R6a
847909,@118189 In Brazil is so expensive this service. You ougth to review this price.,complaint_dissatisfaction,,first_contact,False,,,billing_subscription,,first_contact,0.92,,False,2026-09-11T18:21:47.251927+00:00,complaint_dissatisfaction,resolved,R1c,medium,False,'You ougth to review this price' objects to cost without proposing a product or packaging change -- the R1b/R1c pricing split.,adjudication_v2.csv + taxonomy.md Part 11 R1c
933440,"@DropboxSupport I know about that, but the green icon worked great for me and many others just fine on Windows, Linux, etc. It was a bad decision.",complaint_dissatisfaction,,first_contact,False,,feedback on UI,complaint_dissatisfaction,,first_contact,0.95,,True,2026-09-11T18:22:14.558175+00:00,complaint_dissatisfaction,resolved,,,False,,"original label, not reviewed"
1419269,🙃 Loving it @DropboxSupport https://t.co/UqYZeLf1vT,no_action_needed,,confirming_resolved,False,,,no_action_needed,,first_contact,0.99,,True,2026-09-11T18:22:28.035803+00:00,no_action_needed,resolved,,,False,,"original label, not reviewed"
1030225,"@118189 Hi, I only have Dropbox on iPhone have no desktop. Can I still upload photos please? Hi, this is my second time of asking.",how_to_usage,billing_subscription,first_contact,False,,,how_to_usage,,first_contact,0.95,,True,2026-09-11T18:23:14.774551+00:00,how_to_usage,resolved,,,False,,"original label, not reviewed"
74467,@DropboxSupport \name of the file\DSC_0015.JPG. This is extremely frustrating and a big waste of time.,complaint_dissatisfaction,,providing_requested_info,True,,customer frustrated and hence support required,sync_app_bug,,first_contact,0.6,,False,2026-09-11T18:23:53.935637+00:00,complaint_dissatisfaction,insufficient_context,R9b,n/a,False,A filename plus 'extremely frustrating'; providing_requested_info on an unseen turn.,adjudication_v2.csv + taxonomy.md Part 11 R9b
1901120,@DropboxSupport Hi ... Earned 25gb of space via HP Promotion. Is there any expiry for this earned space ?,storage_quota_plan_limits,,first_contact,False,,,how_to_usage,,first_contact,0.95,,False,2026-09-11T18:24:17.385344+00:00,storage_quota_plan_limits,resolved,R6b,high,False,"Answer is how earned storage is counted, not a price.",adjudication_v2.csv + taxonomy.md Part 11 R6b
1452735,Hi @dropboxsupport why can't I get notifications of added files to my android phone?,complaint_dissatisfaction,sync_app_bug,first_contact,False,,,how_to_usage,,first_contact,0.95,,False,2026-09-11T18:24:33.099556+00:00,how_to_usage,resolved,R1a,medium,True,Answerable question about enabling notifications. Low confidence on the topic: sync_app_bug applies instead if notifications are broken rather than unconfigured.,adjudication_v2.csv + taxonomy.md Part 11 R1a
715979,"@DropboxSupport Over a Month Later, no, I don't have a ticket ID.",complaint_dissatisfaction,,nudging_no_response,True,,too much time passed and still no response hence support required,complaint_dissatisfaction,,first_contact,0.92,,True,2026-09-11T18:25:11.517905+00:00,complaint_dissatisfaction,resolved,,,False,,"original label, not reviewed"
2836769,Great service by #Dropbox @DropboxSupport https://t.co/lSt5GzcFZu,no_action_needed,,confirming_resolved,False,,,no_action_needed,,first_contact,0.99,,True,2026-09-11T18:28:55.407153+00:00,no_action_needed,resolved,,,False,,"original label, not reviewed"
859250,"@DropboxSupport Fixed. Thanks. Don't understand how u send email with one date, 2nd email with diff date, then ignore both and close it earlier on your own.",complaint_dissatisfaction,,disputing_prior_answer,True,,ticket closed and no solution hence support required,complaint_dissatisfaction,,confirming_resolved,0.92,,True,2026-09-11T18:29:51.008876+00:00,complaint_dissatisfaction,resolved,,,False,,"original label, not reviewed"
1324437,"@DropboxSupport If I have a Plus plan and sharing folder with a standard (free plan) user, are they limited to 2GB of uploads to the folder?",storage_quota_plan_limits,sharing_permissions,first_contact,False,,,how_to_usage,,first_contact,0.95,,False,2026-09-11T18:30:18.715070+00:00,storage_quota_plan_limits,resolved,R6b,high,False,"Answer is a plan's storage limit, not a price.",adjudication_v2.csv + taxonomy.md Part 11 R6b
1331572,@DropboxSupport It's not going to show up in a screenshot. It was a little pop up that displayed on my screen and then disappeared.,no_action_needed,,providing_requested_info,False,,context not there for classification,sync_app_bug,,first_contact,0.92,,False,2026-09-11T18:31:42.830027+00:00,no_action_needed,insufficient_context,R9b,n/a,False,"Describes a pop-up from an unseen turn. The labeler's own note says 'context not there for classification' -- and they filed it under no_action_needed, which is the misuse R9 now forbids.",adjudication_v2.csv + taxonomy.md Part 11 R9b
1687145,@DropboxSupport I just redeemed a 1-year pro code purchased from Dell via your website. I got a 'success' message but expiry date unchanged!,billing_subscription,,first_contact,True,,includes payment hence support required,billing_subscription,,first_contact,0.95,,True,2026-09-11T18:32:17.616695+00:00,billing_subscription,resolved,,,False,,"original label, not reviewed"
1497185,@118189 https://t.co/GHh5Znm5Hm,no_action_needed,,first_contact,False,,no context,no_action_needed,,first_contact,0.9,,True,2026-09-11T18:32:29.736212+00:00,no_action_needed,resolved,,,False,,"original label, not reviewed"
1076125,@DropboxSupport any chance of smart sync being extended to plus accounts? hard drive sizes are shrinking out here.,feature_request,,first_contact,False,,,feature_request,,first_contact,0.95,,True,2026-09-11T18:32:47.187162+00:00,feature_request,resolved,,,False,,"original label, not reviewed"
1957873,"@118189 
Something wrong guys? https://t.co/7uT7NFcHju",service_outage,,first_contact,False,needs_human_triage,,service_outage,,first_contact,0.92,,True,2026-09-11T18:33:30.332510+00:00,service_outage,resolved,,,False,,"original label, not reviewed"
2179670,@DropboxSupport Will do.,no_action_needed,,providing_requested_info,False,,,no_action_needed,,first_contact,0.95,,True,2026-09-11T18:34:13.965631+00:00,no_action_needed,resolved,,,False,,"original label, not reviewed"
2055860,@DropboxSupport All good now. Looks like it was just a capacity issue on your end. Thanks for getting back to me.,no_action_needed,,confirming_resolved,False,,,no_action_needed,,confirming_resolved,0.99,,True,2026-09-11T18:34:30.507380+00:00,no_action_needed,resolved,,,False,,"original label, not reviewed"
2573123,"@DropboxSupport @118189 ...still unresolved issues. After 3 months of emailing tech support, will you allow me to speak with a real person?",complaint_dissatisfaction,,nudging_no_response,True,wants_human,3 months and no resposne and hence required human,complaint_dissatisfaction,,first_contact,0.95,wants_human,True,2026-09-11T18:35:03.809237+00:00,complaint_dissatisfaction,resolved,,,False,,"original label, not reviewed"
266807,@DropboxSupport Yes. this is day 2 and I notice that my desktop files are not syncing. Please advise. thanks,sync_app_bug,,first_contact,False,,,sync_app_bug,,first_contact,0.97,,True,2026-09-11T18:35:22.359734+00:00,sync_app_bug,resolved,,,False,,"original label, not reviewed"
2540849,@DropboxSupport P1 You need to send the login IP address when you send warnings of possibly unauthorized logins. It's confusing not to.,complaint_dissatisfaction,,first_contact,False,,feedback,security_account_compromise,,first_contact,0.92,,False,2026-09-11T18:35:53.886201+00:00,feature_request,resolved,R1b,high,True,Proposes a product change (include the login IP in warning emails). The labeler's own note says 'feedback'.,adjudication_v2.csv + taxonomy.md Part 11 R1b
240315,"@DropboxSupport I want to InviteAFriend. But she only has an iPad, no desktop computer. Can she sign up &amp; install Dropbox entirely via iPad?",how_to_usage,,first_contact,False,,,how_to_usage,,first_contact,0.98,,True,2026-09-11T18:36:09.923581+00:00,how_to_usage,resolved,,,False,,"original label, not reviewed"
2168060,"@DropboxSupport hi, you have just charged me £750 without my authorisation. I would like to speak to a rep to get this cancelled asap.",billing_subscription,,first_contact,True,wants_human,includes money and hence suman support,billing_subscription,,first_contact,0.99,wants_human,True,2026-09-11T18:36:45.657421+00:00,billing_subscription,resolved,,,False,,"original label, not reviewed"
1804904,@DropboxSupport having some other tech glitches so I (and now my whole team) went to https://t.co/CUHvRk8nTq and:  What is going on? https://t.co/xMceAlgvZl,complaint_dissatisfaction,,first_contact,True,,,service_outage,,first_contact,0.8,,False,2026-09-11T18:50:27.429302+00:00,service_outage,resolved,R8b,high,True,"Cites the status page and a whole team affected -- external evidence of scope, not a device-specific symptom.",adjudication_v2.csv + taxonomy.md Part 11 R8b
2826329,@DropboxSupport I did and I never got a response 😔,complaint_dissatisfaction,,nudging_no_response,True,,no response,complaint_dissatisfaction,,first_contact,0.92,,True,2026-09-11T18:50:44.021455+00:00,complaint_dissatisfaction,resolved,,,False,,"original label, not reviewed"
1523722,@DropboxSupport I was wondering if there was an option to trial Dropbox Professional (I am on Plus)?,storage_quota_plan_limits,,first_contact,False,,,how_to_usage,,first_contact,0.95,,False,2026-09-11T18:51:16.721479+00:00,billing_subscription,resolved,R6a,medium,True,Asking to trial a paid tier is a purchase decision.,adjudication_v2.csv + taxonomy.md Part 11 R6a
2826323,@DropboxSupport  Your Site does not provide facility to upload 0 KB files like Google Drive &amp; Box provide. Update your software,feature_request,,first_contact,False,,,feature_request,,first_contact,0.95,,True,2026-09-11T18:51:29.099877+00:00,feature_request,resolved,,,False,,"original label, not reviewed"
1082713,@DropboxSupport That's absurd. Please add it back.,complaint_dissatisfaction,feature_request,first_contact,False,,,feature_request,,first_contact,0.95,,False,2026-09-11T18:51:40.609909+00:00,feature_request,resolved,R1b,high,True,'Please add it back' is an explicit product-change request.,adjudication_v2.csv + taxonomy.md Part 11 R1b
2551167,@39613 @118189 @DropboxSupport Dropbox is a RIPOFF! They charge customers for TRIALS before they are OVER!!,complaint_dissatisfaction,,first_contact,True,,frustrated customer and hence support,billing_subscription,complaint_dissatisfaction,first_contact,0.92,,False,2026-09-11T18:52:06.928806+00:00,billing_subscription,resolved,R1d,medium,True,Asserts a correctable billing fact (charged before the trial ended) inside an all-caps accusation.,adjudication_v2.csv + taxonomy.md Part 11 R1d
1383896,This is not the moment to stop working @DropboxSupport https://t.co/XQYrpWb1as,complaint_dissatisfaction,,first_contact,False,,,service_outage,,first_contact,0.92,,False,2026-09-11T18:52:30.219433+00:00,service_outage,resolved,R8b,medium,True,Asserts the service stopped working with no device-specific symptom described.,adjudication_v2.csv + taxonomy.md Part 11 R8b
1619102,@DropboxSupport Please brink back the GREEN TICK . It's difficult to distinguish between the subtle shades especially in bright light.,feature_request,complaint_dissatisfaction,first_contact,False,,,feature_request,,first_contact,0.92,,True,2026-09-11T18:52:39.121426+00:00,feature_request,resolved,,,False,,"original label, not reviewed"
659270,".@118189 using #DropboxPaper for a month now. Love it so far, even though its still an #MVP. Please, please give us a view of all the open Action items. It is unbelievably painful to click through all meeting notes to find which actions are open especially other's action items",feature_request,complaint_dissatisfaction,first_contact,False,,,feature_request,,first_contact,0.95,,True,2026-09-11T18:53:17.780403+00:00,feature_request,resolved,,,False,,"original label, not reviewed"
1923420,@118189 @DropboxSupport @116029 it’s been a month of trying to resolve an issue but I can’t talk to a real person on the phone! 😩😭,complaint_dissatisfaction,,nudging_no_response,True,,wants human,complaint_dissatisfaction,,first_contact,0.95,wants_human,True,2026-09-11T18:53:52.602523+00:00,complaint_dissatisfaction,resolved,,,False,,"original label, not reviewed"
750253,"Lol somebody tried to log into my @118189 again, i just changed password yesterday, do you guys getting breaches?",security_account_compromise,,first_contact,True,,sensitive,security_account_compromise,,first_contact,0.92,,True,2026-09-11T18:55:01.688490+00:00,security_account_compromise,resolved,,,False,,"original label, not reviewed"
1000504,"@DropboxSupport 
For some reason, some mysterious files were uploaded to our receipts folder at 10:59AM and 11:00 AM, under my account, today. They all start with the name ""#photos-3"" and are URL files that don't load anything. Was my account hacked? Is this a Drop Box error?",account_access,complaint_dissatisfaction,first_contact,True,,,security_account_compromise,,first_contact,0.92,,False,2026-09-11T18:55:27.837013+00:00,account_access,resolved,,,False,,"original label, not reviewed"
36132,"@DropboxSupport What ticket ID???? You guys, all I want is to get into my old account, change the password so I can update the email - I’ve been given a ticket by no one.",account_access,complaint_dissatisfaction,providing_requested_info,True,,,account_access,,first_contact,0.95,wants_human,True,2026-09-11T18:55:48.132092+00:00,account_access,resolved,,,False,,"original label, not reviewed"
846705,@DropboxSupport Whenever I wanted to look st my pictures now all my photos are gone.,data_loss_recovery,,first_contact,True,,,data_loss_recovery,,first_contact,0.95,,True,2026-09-11T18:56:03.212676+00:00,data_loss_recovery,resolved,,,False,,"original label, not reviewed"
1057223,So glad I have two factor authentication. Someone just tried to get into my Dropbox. @118189 is there a way to see all attempted logins?,account_access,phishing_abuse_report,first_contact,True,,,security_account_compromise,,first_contact,0.95,,False,2026-09-11T18:56:41.969739+00:00,account_access,resolved,,,False,,"original label, not reviewed"
2828917,"@DropboxSupport 
PLEASE HELP Need ti ROLLBACK my files to 11-21-17 No English Support on Chat can not get link to event  Can NOT wait 3 days to email",data_loss_recovery,,first_contact,True,,,data_loss_recovery,,first_contact,0.92,,True,2026-09-11T18:56:58.734438+00:00,data_loss_recovery,resolved,,,False,,"original label, not reviewed"
2187441,@DropboxSupport your website says support for OS X 10.8.5 will stop on Jan 16th 2018. Mine has logged me out and won't log back in now. What's happening?,account_access,complaint_dissatisfaction,first_contact,True,,,account_access,,first_contact,0.95,,True,2026-09-11T18:57:13.445050+00:00,account_access,resolved,,,False,,"original label, not reviewed"
1895744,@118189 @116029 I like how you guys charged me $750 for a trial and refuse to refund me. /sarcasm time to build my own File Sync.,billing_subscription,complaint_dissatisfaction,first_contact,True,,,billing_subscription,complaint_dissatisfaction,first_contact,0.95,churn_threat,True,2026-09-11T18:57:31.527164+00:00,billing_subscription,resolved,,,False,,"original label, not reviewed"
1438935,@DropboxSupport I just received a poorly made spam email trying to spoof you guys. Do you want a copy of it?,phishing_abuse_report,,first_contact,True,,,phishing_abuse_report,,first_contact,0.98,,True,2026-09-11T18:57:44.863324+00:00,phishing_abuse_report,resolved,,,False,,"original label, not reviewed"
79858,"@DropboxSupport good day. I've been experiencing difficulty while trying to free up space in my dropbox. I've deleted and then permanently deleted thousands of files, and yet the reading on my storage usage has not changed at all.",sync_app_bug,storage_quota_plan_limits,first_contact,True,,,storage_quota_plan_limits,,first_contact,0.95,,False,2026-09-11T18:58:02.470095+00:00,storage_quota_plan_limits,resolved,R4,high,True,"Permanently deleted thousands of files, storage reading unchanged.",adjudication_v2.csv + taxonomy.md Part 11 R4
1138154,@118189 Why has is it taking you 17 days to make contact in relation to an account breach and data protection issue on my account???,security_account_compromise,complaint_dissatisfaction,nudging_no_response,True,,,security_account_compromise,,first_contact,0.95,wants_human;legal_sensitive,True,2026-09-11T19:11:00.739383+00:00,security_account_compromise,resolved,,,False,,"original label, not reviewed"
2978332,@DropboxSupport I got an email that my account was closed and that my information deleted.  I tried to click on the link to re-activate it and I ended up just opening a new account.  All I want is my pictures back and I can close the account.,account_access,data_loss_recovery,first_contact,True,,,data_loss_recovery,,first_contact,0.92,wants_human,False,2026-09-11T19:11:19.348236+00:00,account_access,resolved,,,False,,"original label, not reviewed"
1138133,@DropboxSupport unable to renew dropbox business account,billing_subscription,,first_contact,False,,,billing_subscription,,first_contact,0.98,,True,2026-09-11T19:11:34.170895+00:00,billing_subscription,resolved,,,False,,"original label, not reviewed"
2063532,"I just got a @118189 invite to join 'internal' from 'admin' with 744 members. The email is a little wonky and includes the phrase """"\""&gt;&lt;script src=https://t.co/Y8rPEdSyN4&gt;&lt;/script&gt;"" in what looks like the custom info field. This is a phishing attempt, right? @DropboxSupport",phishing_abuse_report,,first_contact,True,,,phishing_abuse_report,,first_contact,0.98,,True,2026-09-11T19:12:01.369452+00:00,phishing_abuse_report,resolved,,,False,,"original label, not reviewed"
1480046,@118189 Do you have some problems this morning I can’t connect to my account.,service_outage,,first_contact,False,,,account_access,,first_contact,0.95,,False,2026-09-11T19:12:11.645586+00:00,service_outage,resolved,,,False,,"original label, not reviewed"
2053253,@DropboxSupport Out of Space Warning will not go away even though 50%+ unwanted files removed - how to make DB recognize it is not at 100%,how_to_usage,storage_quota_plan_limits,first_contact,False,,,storage_quota_plan_limits,,first_contact,0.95,,False,2026-09-11T19:12:43.733770+00:00,storage_quota_plan_limits,resolved,R4,high,True,'Out of Space Warning will not go away' after deletions -- quota not clearing.,adjudication_v2.csv + taxonomy.md Part 11 R4
267212,@DropboxSupport Yeah I tried to submit a ticket and found a bug with that system. So I made a ticket about that. Then another bug and another ticket,sync_app_bug,complaint_dissatisfaction,providing_requested_info,True,,,sync_app_bug,,first_contact,0.92,,True,2026-09-11T19:13:10.676666+00:00,sync_app_bug,resolved,,,False,,"original label, not reviewed"
2179683,@118189 #LIARS GAVE AWAY MY PERSONAL PAID ACCOUNT WITHOUT PERMISSION #WORSTCLOUDSTORAGECOMPANY,account_access,complaint_dissatisfaction,first_contact,True,,,security_account_compromise,,first_contact,0.95,,False,2026-09-11T19:14:48.073540+00:00,account_access,resolved,,,False,,"original label, not reviewed"
2599365,@DropboxSupport help! Accidentally deleted all files in my account. Can't wait 1-3 days! Support page(s) suggest 3 different actions...,data_loss_recovery,account_access,first_contact,True,,,data_loss_recovery,,first_contact,0.95,,True,2026-09-11T19:15:00.455014+00:00,data_loss_recovery,resolved,,,False,,"original label, not reviewed"
407837,@DropboxSupport How do I cancel my Dropbox subscription? Instructions are Cancel Plan option on the Settings / Plan page but it is not there,billing_subscription,,first_contact,False,,,billing_subscription,,first_contact,0.98,,True,2026-09-11T19:15:13.806115+00:00,billing_subscription,resolved,,,False,,"original label, not reviewed"
2172965,"#phishing campaign going around using ‘__email__’

cc: @118189 @DropboxSupport",phishing_abuse_report,,first_contact,True,,,phishing_abuse_report,,first_contact,0.98,,True,2026-09-11T19:15:27.951581+00:00,phishing_abuse_report,resolved,,,False,,"original label, not reviewed"
32652,@DropboxSupport no shared folders and the quota is not going down. this is annoying and it doesn't seem to be isolated based on chat boards :(,storage_quota_plan_limits,sync_app_bug,first_contact,False,,,storage_quota_plan_limits,sharing_permissions,first_contact,0.92,,True,2026-09-11T19:15:48.810514+00:00,storage_quota_plan_limits,resolved,,,False,,"original label, not reviewed"
237165,@DropboxSupport Yes. I lost one and can't figure out how to remove its access.,account_access,security_account_compromise,providing_requested_info,True,,,account_access,,first_contact,0.92,,True,2026-09-11T19:16:04.488105+00:00,account_access,resolved,,,False,,"original label, not reviewed"
53189,@DropboxSupport It would be great if they offered a little bit more space. I would pay more if it did. Thanks for the reply,storage_quota_plan_limits,feature_request,first_contact,False,,,feature_request,,first_contact,0.95,,False,2026-09-11T19:16:23.498799+00:00,feature_request,resolved,R1b,high,True,"'It would be great if they offered a little bit more space' proposes a packaging change, which R1b separates from objecting to cost.",adjudication_v2.csv + taxonomy.md Part 11 R1b
1603388,"@DropboxSupport Hey, I can't edit my word docs - view only because of my email address? Can you please explain and correct?",sharing_permissions,,first_contact,False,,,sharing_permissions,,first_contact,0.92,,True,2026-09-11T19:16:41.571108+00:00,sharing_permissions,resolved,,,False,,"original label, not reviewed"
512851,"@DropboxSupport
Anyone else having sync issues with #Dropbox .. client is making changes to shared sheet, I can't see them, same in reverse. Not the first time. #Dropbox is about to be binned. Suggestions of safe shared space please?",service_outage,complaint_dissatisfaction,first_contact,True,,,sync_app_bug,sharing_permissions,first_contact,0.95,,False,2026-09-11T19:17:05.125747+00:00,sync_app_bug,resolved,R8a,high,True,"'Anyone else having sync issues' polls peers; it is not status evidence, and the customer describes their own recurring problem.",adjudication_v2.csv + taxonomy.md Part 11 R8a
1148455,@DropboxSupport I have been hacked this morning and a document sent to my entire email list. Please contact me asap,security_account_compromise,,first_contact,True,,,security_account_compromise,,first_contact,0.95,wants_human,True,2026-09-11T19:17:15.793630+00:00,security_account_compromise,resolved,,,False,,"original label, not reviewed"
1094009,@DropboxSupport Missing file from folder.  Not deleted.  How do I restore a file I cannot find?,data_loss_recovery,,first_contact,False,,,data_loss_recovery,,first_contact,0.95,,True,2026-09-11T19:35:38.906324+00:00,data_loss_recovery,resolved,,,False,,"original label, not reviewed"
2742476,"@DropboxSupport what is the way to add more space to the current plan and how much does it cost ? without upgrading to team or business account

thanks",storage_quota_plan_limits,billing_subscription,first_contact,False,,,billing_subscription,,first_contact,0.95,,False,2026-09-11T19:36:00.585672+00:00,billing_subscription,resolved,R6a,high,True,'and how much does it cost' makes the answer a price.,adjudication_v2.csv + taxonomy.md Part 11 R6a
1516794,"@DropboxSupport I did, but didn’t get a much better response. I don’t think it was impersonating your service; more like abusing it. https://t.co/V6VsgVfuP9",phishing_abuse_report,,providing_requested_info,True,,,phishing_abuse_report,,first_contact,0.95,,True,2026-09-11T19:36:29.564056+00:00,phishing_abuse_report,resolved,,,False,,"original label, not reviewed"
610823,@DropboxSupport I upgraded my account to dropbox plus yet I am still getting messages on my computers saying I am out of space.  How can I get all of my files online and then do selective sync for each computer?,storage_quota_plan_limits,sync_app_bug,first_contact,False,,,storage_quota_plan_limits,how_to_usage,first_contact,0.92,,True,2026-09-11T19:36:49.514722+00:00,storage_quota_plan_limits,resolved,,,False,,"original label, not reviewed"
1817845,"@DropboxSupport my account under email “__email__” was disactivated due to inactivity, how may I recover it?",account_access,,first_contact,True,,,account_access,,first_contact,0.95,,True,2026-09-11T19:37:03.030806+00:00,account_access,resolved,,,False,,"original label, not reviewed"
1513058,@118189 has committed fraud and identity theft against me.,security_account_compromise,,first_contact,True,,,security_account_compromise,,first_contact,0.95,,True,2026-09-11T19:37:14.324420+00:00,security_account_compromise,resolved,,,False,,"original label, not reviewed"
2609736,@DropboxSupport Hundreds of files deleted. Need help restoring. Our entire business is threatened by this. Is there some way to reach you by TELEPHONE??? I hate twitter and would like to SPEAK to someone. PLEASE.,data_loss_recovery,,first_contact,True,,urgent matter,data_loss_recovery,,first_contact,0.95,wants_human,True,2026-09-11T19:37:38.011162+00:00,data_loss_recovery,resolved,,,False,,"original label, not reviewed"
193025,".@116029 @DropboxSupport as a small non-profit, we can't afford to pay $500 for something we're not going to use https://t.co/4l8Jf450ai",storage_quota_plan_limits,complaint_dissatisfaction,first_contact,False,,,billing_subscription,,first_contact,0.95,,False,2026-09-11T19:37:57.902489+00:00,complaint_dissatisfaction,resolved,R1c,medium,True,Objects to cost with no request. This is the row the STEP 1b recheck flipped away from billing_subscription.,adjudication_v2.csv + taxonomy.md Part 11 R1c
1754987,@DropboxSupport What’s the best way to report phishing invites?,phishing_abuse_report,,first_contact,True,,,phishing_abuse_report,,first_contact,0.95,,True,2026-09-11T19:38:09.268011+00:00,phishing_abuse_report,resolved,,,False,,"original label, not reviewed"
2910246,"@DropboxSupport I’ve permanently deleted tons of files to free up space and after 24 hours, my account is still not reflecting the change in space.. How do I free up my space?",sync_app_bug,how_to_usage,first_contact,False,,,storage_quota_plan_limits,,first_contact,0.92,,False,2026-09-11T19:38:32.729753+00:00,storage_quota_plan_limits,resolved,R4,high,True,Same shape as 79858 and 1999298; all three now carry one label.,adjudication_v2.csv + taxonomy.md Part 11 R4
869536,@118189 some in Russia logged into my account! any breach updates? https://t.co/u1lDU2koeO,security_account_compromise,,first_contact,True,,,security_account_compromise,,first_contact,0.95,,True,2026-09-11T19:38:45.684536+00:00,security_account_compromise,resolved,,,False,,"original label, not reviewed"
2801355,@DropboxSupport A .docx that my supervisor added to a shared folder on November 7th is not showing in at least two accounts. This is true for the Dropbox folder on our PCs and online. There is nothing different about this document than any other .docx in that shared folder.,data_loss_recovery,,first_contact,True,,,data_loss_recovery,,first_contact,0.92,,True,2026-09-11T19:39:04.976189+00:00,data_loss_recovery,resolved,,,False,,"original label, not reviewed"
1873832,when @118189 adds stuff to your account without getting your permission first. #NOTCOOL,security_account_compromise,,first_contact,True,,,security_account_compromise,,first_contact,0.95,,True,2026-09-11T19:39:18.555359+00:00,security_account_compromise,resolved,,,False,,"original label, not reviewed"
2250117,@DropboxSupport I have lost almost ALL my files - nothing in the folders. I made a movie and had movie files in there. Also training files!,data_loss_recovery,,first_contact,True,,,data_loss_recovery,,first_contact,0.95,,True,2026-09-11T19:39:32.412272+00:00,data_loss_recovery,resolved,,,False,,"original label, not reviewed"
1529752,@DropboxSupport When you report a questionable login to an account's owner please provide the IP address of suspicious login.,feature_request,how_to_usage,first_contact,False,,,security_account_compromise,,first_contact,0.95,,False,2026-09-11T19:39:57.466074+00:00,feature_request,resolved,,,False,,"original label, not reviewed"
2179735,"@DropboxSupport How can you allow that? Dropbox is all about data security, how can you allow Team Admin to have the power of erasing my personal data without my permission. This is a breach of personal data not to mention I lost my paid subscription too",sharing_permissions,complaint_dissatisfaction,first_contact,False,,,security_account_compromise,billing_subscription,first_contact,0.95,legal_sensitive,False,2026-09-11T19:40:55.573927+00:00,sharing_permissions,resolved,,,False,,"original label, not reviewed"
1999475,@118189 I want to find out more info on an unauthorized login to my acct. Is there a customer service phone number I can call?,security_account_compromise,,first_contact,True,,,security_account_compromise,,first_contact,0.99,wants_human,True,2026-09-11T19:41:08.440171+00:00,security_account_compromise,resolved,,,False,,"original label, not reviewed"
921871,@DropboxSupport Missing folder and files. Not deleted. Not in event log! Help!,data_loss_recovery,,first_contact,True,,,data_loss_recovery,,first_contact,0.92,,True,2026-09-11T19:41:16.938111+00:00,data_loss_recovery,resolved,,,False,,"original label, not reviewed"
1497118,@118189 I want my pictures back. Go in your memory and retrieve them,data_loss_recovery,complaint_dissatisfaction,first_contact,True,,,data_loss_recovery,,first_contact,0.92,,True,2026-09-11T19:41:26.148680+00:00,data_loss_recovery,resolved,,,False,,"original label, not reviewed"
2469274,@DropboxSupport Somehow a lot of files I need went to the delete folder. That might have been my error. Trying to recover them but I'm being forced to recover file-by-file which is taking forever. Sat at my PC an hour already.,data_loss_recovery,,first_contact,True,,,data_loss_recovery,,first_contact,0.95,,True,2026-09-11T19:41:42.800164+00:00,data_loss_recovery,resolved,,,False,,"original label, not reviewed"
2471203,@DropboxSupport Why would you delete my account without prior notice or notification. All important documents and flies saved over the years lost. Very disheartening. @118189,data_loss_recovery,complaint_dissatisfaction,first_contact,True,,,data_loss_recovery,,first_contact,0.92,,True,2026-09-11T19:41:59.343597+00:00,data_loss_recovery,resolved,,,False,,"original label, not reviewed"
1069139,"@DropboxSupport I tried to open my files and notice with today's update, they are all gone. What's up???",data_loss_recovery,,first_contact,False,,,data_loss_recovery,,first_contact,0.92,,True,2026-09-11T19:42:27.081813+00:00,data_loss_recovery,resolved,,,False,,"original label, not reviewed"
1992403,@DropboxSupport An you share with me the cost of the Plan that would give me unlimited storage per user minimum 3 users? Thanks,storage_quota_plan_limits,,first_contact,False,,,billing_subscription,,first_contact,0.95,,False,2026-09-11T19:42:41.613647+00:00,billing_subscription,resolved,R6a,high,True,'Can you share the cost of the Plan' -- the answer is a price.,adjudication_v2.csv + taxonomy.md Part 11 R6a
2967050,"#Dropbox #phishing 
hxxp://doverylittle.com/pdf/Dropbox/

@DropboxSupport https://t.co/mG4s1z0xpg",phishing_abuse_report,,first_contact,True,,,phishing_abuse_report,,first_contact,0.98,,True,2026-09-11T19:42:51.846213+00:00,phishing_abuse_report,resolved,,,False,,"original label, not reviewed"
1859795,Dropbox phishing site - hxxp://uticawebdesign[.]com/koya/proposal/LoginVerification[.]php @DropboxSupport #Phishing https://t.co/muw5F71laH,phishing_abuse_report,,first_contact,True,,,phishing_abuse_report,,first_contact,0.98,,True,2026-09-11T19:43:01.572126+00:00,phishing_abuse_report,resolved,,,False,,"original label, not reviewed"
824057,@118189 @DropboxSupport  check this out I've been receiving fake emails using your name https://t.co/umTqNnrssE,phishing_abuse_report,,first_contact,True,,,phishing_abuse_report,,first_contact,0.98,,True,2026-09-11T19:43:09.394186+00:00,phishing_abuse_report,resolved,,,False,,"original label, not reviewed"
1858921,Scan 10.18.2017.pdf #Dropbox #phishing #credharvester http://missbagshoes[.]com/expands/download/  @116029 @DropboxSupport https://t.co/wqtocBxpFP,phishing_abuse_report,,first_contact,True,,,phishing_abuse_report,,first_contact,0.99,,True,2026-09-11T19:43:24.553631+00:00,phishing_abuse_report,resolved,,,False,,"original label, not reviewed"
459529,"Got email from @118189 telling you that there are documents to check, view or that have been shared with you? Be careful! It could be a phishing attack: https://t.co/LFIGiWyLzV",phishing_abuse_report,,first_contact,True,,,phishing_abuse_report,,first_contact,0.99,,True,2026-09-11T19:43:35.123767+00:00,phishing_abuse_report,resolved,,,False,,"original label, not reviewed"
1243081,"@DropboxSupport told I only have a few GB https://t.co/aR4DLHZtFN and then told I can’t upgrade my storage https://t.co/M2XlYq6Sg9 

2/2",storage_quota_plan_limits,,first_contact,False,,,storage_quota_plan_limits,,first_contact,0.95,,True,2026-09-11T19:43:49.719788+00:00,storage_quota_plan_limits,resolved,,,False,,"original label, not reviewed"
2028354,"@DropboxSupport I just installed DB on my acer windows 10 and almost ran out of space. Could't selective sync, deinstalled but files intact",storage_quota_plan_limits,,first_contact,False,,,storage_quota_plan_limits,sync_app_bug,first_contact,0.8,,True,2026-09-11T19:44:08.031116+00:00,storage_quota_plan_limits,resolved,,,False,,"original label, not reviewed"
1999298,"Hey @118189 - I have permanently deleted my deleted items, but still have ""ran out of Space"" notice. How do we fix it? #NoUpgrade #help",how_to_usage,,first_contact,False,,,storage_quota_plan_limits,,first_contact,0.95,,False,2026-09-11T19:44:28.544924+00:00,storage_quota_plan_limits,resolved,R4,high,True,"Permanently deleted items, quota unchanged.",adjudication_v2.csv + taxonomy.md Part 11 R4
2179658,"@638765 @118189 If you want even more fun, download the app for your computer and it syncs everything!  Filling your hard drive, which completes negates the reason for having dropbox.",complaint_dissatisfaction,storage_quota_plan_limits,first_contact,True,,,storage_quota_plan_limits,,first_contact,0.92,,False,2026-09-11T19:44:52.401656+00:00,complaint_dissatisfaction,resolved,R1e,medium,False,"Sarcasm aimed at another user, not a support request, so R1d's correction carve-out is suppressed.",adjudication_v2.csv + taxonomy.md Part 11 R1e
843989,@DropboxSupport I accidentally unlinked my accounts and now I can't get into that account again. Help please :),account_access,,first_contact,True,,,account_access,,first_contact,0.92,,True,2026-09-11T19:45:02.107948+00:00,account_access,resolved,,,False,,"original label, not reviewed"
1209275,"@DropboxSupport been trying to update my dropbox account the whole morning but the system but website keeps reporting ""issues"". advice?",service_outage,,first_contact,True,,,account_access,,first_contact,0.92,,False,2026-09-11T19:45:12.768836+00:00,service_outage,resolved,,,False,,"original label, not reviewed"
729506,"@DropboxSupport I'm having very frustrating issues signing in on one browser, and commenting on another. I would appreciate some help please",account_access,,first_contact,False,,,account_access,,first_contact,0.95,,True,2026-09-11T19:45:26.870277+00:00,account_access,resolved,,,False,,"original label, not reviewed"
685430,@DropboxSupport hi. My account was recently closed n I emailed to reactivate it n it told me it should be available in a couple of days but I still don’t have access to my files. I received the email about closing my account just a week ago so I hope there is a way to recover it,account_access,data_loss_recovery,first_contact,False,,,account_access,,first_contact,0.95,,True,2026-09-11T19:45:40.508413+00:00,account_access,resolved,,,False,,"original label, not reviewed"
1687134,disappointed that @DropboxSupport isn't responding to my request to see how many dropbox plus keys I have saved. Seems like a simple request,complaint_dissatisfaction,,nudging_no_response,True,,,account_access,,first_contact,0.95,,False,2026-09-11T19:45:59.765276+00:00,complaint_dissatisfaction,insufficient_context,R9b,n/a,False,nudging_no_response about an unseen earlier request; the complaint label was encoding a turn_type.,adjudication_v2.csv + taxonomy.md Part 11 R9b
2421520,"@DropboxSupport Thanks for the reply @DropboxSupport! Again, while the new features seem useful, I'd happily pay $200 a year if the plan included more space (2TB)? I'd even pay $300 a year for 3TB. Keep us posted.",storage_quota_plan_limits,,first_contact,False,,,feature_request,,first_contact,0.95,,False,2026-09-11T19:46:14.674988+00:00,feature_request,resolved,R1b,high,True,"'I'd happily pay $200 a year if the plan included 2TB' proposes packaging, not an objection to cost.",adjudication_v2.csv + taxonomy.md Part 11 R1b
1067503,@118189 @DropboxSupport Wouldn't an icon WITH a check mark ✅ make more sense when all is updated?,feature_request,,first_contact,False,,,feature_request,,first_contact,0.95,,True,2026-09-11T19:46:28.773234+00:00,feature_request,resolved,,,False,,"original label, not reviewed"
1099456,@DropboxSupport Please can we have the 'green tick' checkmark on the task bar back to show that everything is 'ok'? Not the same without it.,feature_request,,first_contact,False,,,feature_request,,first_contact,0.95,,True,2026-09-11T19:46:38.503274+00:00,feature_request,resolved,,,False,,"original label, not reviewed"
653988,"Hey @118189 can you make it so the ""share link"" function creates an automatically shortened URL version?  E.g. https://t.co/JCaY2Tafy4 in lieu of some unwieldy 300+ character string. Thanks!",feature_request,,first_contact,False,,,feature_request,,first_contact,0.98,,True,2026-09-11T19:46:49.780018+00:00,feature_request,resolved,,,False,,"original label, not reviewed"
2421521,Has anyone tried @118189 Professional? I'm currently on the Plus plan and there's not enough incentive for me to pay an extra $100 a year for 2 extra features. Would do it in a heartbeat if they offered more space.,storage_quota_plan_limits,,first_contact,False,,,feature_request,storage_quota_plan_limits,first_contact,0.92,,False,2026-09-11T19:47:05.623254+00:00,feature_request,resolved,R1b,medium,True,Proposes a packaging change while addressing peers; R1e suppresses the topic carve-out but not feature_request.,adjudication_v2.csv + taxonomy.md Part 11 R1b
1874363,"@116029 #collaboration feature request: allow expanded view of discussions on shared documents, give #remote teams some more space",sharing_permissions,,first_contact,False,,,feature_request,,first_contact,0.98,,False,2026-09-11T19:47:20.832731+00:00,sharing_permissions,resolved,,,False,,"original label, not reviewed"
2509185,"@DropboxSupport Folks, I love the Paper web UI, but can you watch this video of me trying to add some bullet points on the iPhone app? It was pretty excruciating. Also, how about auto-capitalising new lines? Just make formatting work the same as Apple Notes 😃. https://t.co/RxB1p0Te7k",feature_request,complaint_dissatisfaction,first_contact,False,,,feature_request,,first_contact,0.95,,True,2026-09-11T19:48:12.973043+00:00,feature_request,resolved,,,False,,"original label, not reviewed"
1462091,"@DropboxSupport A colleague sent me a link to share files however the folder has been linked to one share folder for which I am not the administrator, how can I change this link to my personal folder?",sharing_permissions,how_to_usage,first_contact,False,,,sharing_permissions,,first_contact,0.95,,True,2026-09-11T19:48:32.384698+00:00,sharing_permissions,resolved,,,False,,"original label, not reviewed"
1337846,@DropboxSupport i get this message https://t.co/o7PBkgn33F when i'm trying to copy a folder shared link,sharing_permissions,,first_contact,False,,,sharing_permissions,,first_contact,0.92,,True,2026-09-11T19:56:19.675040+00:00,sharing_permissions,resolved,,,False,,"original label, not reviewed"
1909153,@DropboxSupport I want to share my pics with a friend so they can download them is there a way to do this without them using their quota?,sharing_permissions,how_to_usage,first_contact,False,,,sharing_permissions,,first_contact,0.95,,True,2026-09-11T19:56:47.960323+00:00,sharing_permissions,resolved,,,False,,"original label, not reviewed"
37940,WTF @dropboxsupport? What am I supposed to do with this hidden menu? I can't access my shared folder! https://t.co/hQJPkd7Pjv,how_to_usage,complaint_dissatisfaction,first_contact,False,,,sharing_permissions,how_to_usage,first_contact,0.95,,False,2026-09-11T19:57:16.530725+00:00,sharing_permissions,resolved,R3a,high,True,'I can't access my shared folder' is an access failure on a shared object.,adjudication_v2.csv + taxonomy.md Part 11 R3a
1979876,@DropboxSupport things are acting up on Firefox on the Mac when asked to join shared folder. Changing window does not help https://t.co/g95QpQdBgm,sharing_permissions,,first_contact,False,,,sharing_permissions,,first_contact,0.92,,True,2026-09-11T19:57:33.148406+00:00,sharing_permissions,resolved,,,False,,"original label, not reviewed"
2976667,"@118189 I don't seem to have enough space on my laptop to connect my work Dropbox. If I keep my external hard drive plugged in (with much more space), will this solve the problem?",storage_quota_plan_limits,,first_contact,False,,,sync_app_bug,,first_contact,0.95,,False,2026-09-11T19:57:44.345552+00:00,how_to_usage,resolved,R5,high,True,"Laptop disk space, which storage_quota explicitly excludes, and nothing is broken -- they are asking whether an external drive works.",adjudication_v2.csv + taxonomy.md Part 11 R5
988433,"@DropboxSupport I moved a shared folder to my desktop, edited files, then synced to a different acnt. changes reverted, how do I fix this?",how_to_usage,,first_contact,False,,,sync_app_bug,,first_contact,0.92,,False,2026-09-11T19:58:17.106452+00:00,sync_app_bug,resolved,R2,high,True,"Edits reverted after syncing. Something is broken, so how_to_usage is excluded by definition.",adjudication_v2.csv + taxonomy.md Part 11 R2
659012,@DropboxSupport On iOS to a shared folder with a file name that is 4 letters long. Can save all day long to a non shared folder.,sharing_permissions,sync_app_bug,providing_requested_info,False,,,sync_app_bug,,first_contact,0.9,,False,2026-09-11T19:59:04.862201+00:00,sync_app_bug,resolved,R3b,low,True,"A save failure on iOS whose object happens to be shared. Low confidence: the shared/non-shared contrast hints at permissions, and the tweet is a fragment.",adjudication_v2.csv + taxonomy.md Part 11 R3b
