customer_tweet_id,customer_text,brand_text,sample_source,suggested_intent,suggested_secondary_intent,suggested_turn_type,suggested_confidence,suggested_flags,suggested_sentiment,suggested_language
989345,@118189 I usually have other documents which belong to a text but I can't keep them together if I want to use Paper.,"@354394 Hi Thomas, thanks for sharing your desire for more integration between the Dropbox application and Paper. We’re tracking this and... 1/2",main_random,how_to_usage,,first_contact,0.95,,neutral,en
2623839,"Soy sólo yo o @118189 se curo, choco curao y lo remplazaron con el primo feo de provincia?","@741237 Hola Cristián ¿Nos puedes escribir a https://t.co/y7rSTLsgY2? Desde allí, veremos cómo te podemos ayudar. ¡Gracias!",main_random,complaint_dissatisfaction,,first_contact,0.95,,negative,es
810000,@DropboxSupport Has Dropbox Support always been this bad? Still no intelligent answer.,"@312993 Hi there, we’ve replied to your DM regarding the Sync icon in the desktop app!",main_random,complaint_dissatisfaction,,first_contact,0.95,,negative,en
232548,".@118189, with the new #iOS11, I can’t export files to my phone, i.e. edited videos for Instagram. App crashes so used Google Drive.","@171352 Hi Will, are you on iOS 11.0.2, and Dropbox 66.2? Does this happen for any file you export from the Dropbox app?",main_random,sync_app_bug,,first_contact,0.95,,negative,en
1507042,@DropboxSupport Thank you for your responses. I have messaged you the ticket number received last evening.,"@366039 Hi Kerry, we’ve just replied to your DM - Let us know once you’ve had the chance to review it. Thanks!",main_random,no_action_needed,,providing_requested_info,0.9,,neutral,en
1972451,@DropboxSupport Also if I can a showcase can a read only version be shared with clients ?,"@584215 Hi again, as long as the settings are set up appropriately, you can collab on Paper docs with any other Dropbox user 😊 Also, you can... 1/2",topup,sharing_permissions,how_to_usage,first_contact,0.95,,neutral,en
2430108,"@DropboxSupport hi there! Is dropbox down today? I'm getting ""This site can't be reached"" messages. HALP!","@423304 Hey Page, have you tried accessing: https://t.co/mYtkfqU20R through an incognito window? Also, are connecting through a work network? Feel free to DM us a screenshot of what you’re seeing here, so as to make sure we’re sending over the right info. Thanks in advance!",topup,service_outage,,first_contact,0.98,,negative,en
2124237,"Hey @118189, stop using IP addresses with no host records. Littlesnitch has to ask me permission to allow Dropbox to connect every time 😒","@625701 Hi Gary, could you send us more details about this in a DM so we can investigate? Thanks!",topup,feature_request,complaint_dissatisfaction,first_contact,0.95,,negative,en
1299266,"@DropboxSupport ""Because you’ve already reached your quota, your Dropbox will stop syncing files"". It will continue syncing until sub runs out, yes? 2/2","@370994 Hi again, generally speaking, if your Dropbox account is over quota then only syncing stops. Nothing will be removed and syncing will... 1/3",topup,storage_quota_plan_limits,,first_contact,0.95,,neutral,en
1497111,"So @118189 bills me $990 Cdn for ‘free trial’ of crap product, and now tells me their policy does not allow a refund. Nice fraud! Shame! https://t.co/lKkAEvqvCK","@458345 Hi Ted, sorry to hear you feel this way. Could you please DM us the ticket ID so we can follow up on the case? Thanks.",topup,billing_subscription,,first_contact,0.95,,angry,en
399225,"@DropboxSupport The other problem! In my shared folder with others, i selected remove my access and keep a copy. But....just no any response, Advise pls",@606072 ...tried carrying out this action using a different browser? Thanks! 2/2,topup,sharing_permissions,,first_contact,0.95,,negative,en
1495052,@118189 I need more space and refuse to pay for 5 users on Business. What are my options?,"@467142 ...Standard plan comes with a fixed 2 TB amount, and Advanced gives you as much space as you need. 2/2",topup,billing_subscription,storage_quota_plan_limits,first_contact,0.92,,neutral,en
1979514,#phishing #TakeItDown @118189 Business credential phish hxxps://momyco[.]men/file-directory/open-document-512KB/Microsoft-pages.docx https://t.co/MVL8RNFeU0,"@586022 Hey, could you please forward any phishing incidents to __email__ so we can investigate? Thx in advance, we really appreciate it!",topup,phishing_abuse_report,,first_contact,0.99,,neutral,en
799566,@DropboxSupport is dropbox down? we cant access it,"@545838 Hi there, the Dropbox website was experiencing issues on Saturday, which have now been resolved. Sorry for the inconvenience &amp; happy Monday!",topup,service_outage,,first_contact,0.95,,negative,en
857482,"Hey @118189 - what's this about, sending Phishing scam notifications to your users? shared ""FROM THE DESK OF PETER AMANGBO.txt""","@323624 Hi John, apologies for the late follow up. Could you please forward any phishing emails to __email__ so we can investigate? Thanks!",topup,phishing_abuse_report,,first_contact,0.98,,negative,en
2430111,"how do i restore files as ive been hacked
@DropboxSupport","@697626 Hi Paul, we're currently replying to your DM! Thanks!",topup,security_account_compromise,data_loss_recovery,first_contact,0.95,,negative,en
2619184,@101227 - you have a outage with @118189?,"@740151 @101227 Hey Steve, there haven’t been any reported disruptions: https://t.co/vm8ojWFrv9 Are you online? Could you please let us know what browser you’re currently using and try accessing Dropbox through a different one? Let us know once you have an update - thank you!",topup,service_outage,,first_contact,0.95,,neutral,en
1600556,@DropboxSupport i can't open a shared link. Just keeps loading the files but never shows them,"@491431 Hey Camila, have you tried accessing the shared link through an incognito window? Also, are connecting through a work network? Feel... 1/2",topup,sharing_permissions,,first_contact,0.95,,negative,en
2124283,@DropboxSupport -- Someone has launched a Dropbox phishing expedition. Just received this email. https://t.co/EosdQo2NXU,"@625709 Hey there, this isn't an official Dropbox domain (https://t.co/LIB9t4PTvo). Could you forward this to us at “__email__”, so... 1/2",topup,phishing_abuse_report,,first_contact,0.99,,negative,en
1187536,@DropboxSupport Is Paper down right now? Getting 500 errors.,"@399238 Hey Garrett, are you still experiencing this? It’s all good on our end. Let us know! Thanks",topup,service_outage,,first_contact,0.98,,negative,en
1824519,Hey @118189 @DropboxSupport your servers are down. Please fix it so I can stop having a panic attack. Thank you!!! &lt;3,"@547705 Hey there, all should be up and running now. Apologies for the inconvenience &amp; please let us know if you're still having any issues, thx!",topup,service_outage,,first_contact,0.98,,negative,en
1577600,@DropboxSupport my shared link always show error 429 ... this happens from nearly 2 years ago till now !,"@485923 Hey Ronna, to further investigate your account-related issue, please write us: https://t.co/6gPtR8GzbX and DM us your ticket ID here. Thx!",topup,sharing_permissions,,first_contact,0.95,,negative,en
409269,Hey @DropboxSupport- I spent several hours adding comments to pics in a shared file and I'm the only one who can see them. Not helpful.,"@212584 Hi there, we’re sorry to hear about this. Comments are only applied to the previews of files on the Dropbox site:... 1/2",topup,sharing_permissions,,first_contact,0.95,,negative,en
2956783,@DropboxSupport I use a shared Dropbox between 6 people. Everyone can add to the Dropbox except for me. It says my Dropbox is full. The only thing on the Dropbox is the shared folder. Why can’t I add anything,"@816187 Hi there, we've replied to your DM!",topup,storage_quota_plan_limits,,first_contact,0.95,,negative,en
2636354,"@DropboxSupport I have deleted files from 'My Files' and permanently deleted from 'Deleted Files' but still shows full quota, what else do I need to do to clear up space?","@744136 Hi Robert, hope this finds you well. Would it be possible that you have shared content that affects your quota? Please note that your Dropbox quota is calculated based on the total contents of your Dropbox, which includes shared folders. Could you please go here:... 1/2",topup,storage_quota_plan_limits,,first_contact,0.95,,negative,en
1948614,@118189 I have been hacked and a document sent to my entire email contact list. Please can someone contact me?,"@390270 Hey Holly, to further investigate please write us: https://t.co/6gPtR8GzbX and DM us your ticket ID, so as to have a look into it, thanks!",topup,security_account_compromise,,first_contact,0.95,wants_human,negative,en
2032832,"@DropboxSupport - my sister uploaded files through a share link I sent her, but I can't see her photos. Any ideas?","@601115 Hi Jenn, we've replied to your DM!",topup,sharing_permissions,,first_contact,0.95,,neutral,en
1347292,"@DropboxSupport It’s from a shared folder, so not sure...","@434186 Ah gotcha! Is someone else the owner of this shared folder, and have they added the PNG's?",topup,sharing_permissions,,first_contact,0.6,,neutral,en
2607972,@118189 - wee bug on accepting a shared folder - https://t.co/KSDfUjpEZQ,"@737717 Hey Liam, sounds like a browser-specific matter. Have you tried repeating through an incognito window? Let us know here, thanks!",topup,sharing_permissions,,first_contact,0.95,,neutral,en
1834904,"@DropboxSupport Dropbox down, Firefox can't find the server at https://t.co/J4FrCoz6Fd - same in Edge, Chrome - help?","@550327 ...Also, are connecting through a work network? 2/2",topup,service_outage,,first_contact,0.98,,negative,en
149031,What are the best practices to signal a phishing page targeting @118189 users ?,"@149953 Hi there, thanks for flagging. The best practise would be letting our team at __email__ know! Have a lovely weekend ahead!",topup,phishing_abuse_report,,first_contact,0.95,,neutral,en
622045,Alright @118189 it’s 2017 the fact that one shared folder uses up my entire quota is not cool.,"@164422 Hi Scott, as every member of a shared folder can add and modify the files within it, the shared folder takes up space in each member's account. You can always earn more space for your account, check this article out: https://t.co/B8WIhvKP5P. Thanks!",topup,storage_quota_plan_limits,,first_contact,0.95,,negative,en
2425723,This is very disapointing @118189. You can't simply change the permission settings to 'everybody with the link can edit'... i understand you need to make money but this is such a basic functionality that just should work... https://t.co/fZL7urdEZW,"@696571 Hi there, if a user has a shared link, by definition they cannot edit the file or folder it refers to, as links are a one-way read-only option to view files/folders. The permission settings are for applying a password or expiry date to the link. Hope this clarifies matters!",topup,sharing_permissions,,first_contact,0.95,,negative,en
2629478,"@DropboxSupport WTF is going on.I keep getting messages saying my Dropbox is full and to pay for more space. So I delete loads of ancient jpgs, only to find them all being reloaded, but I cannot find where the instruction is hidden to STOP THIS HAPPENING. Please advise.","@265231 Hi again, it’s possible that a device is re-uploading them to your account. To investigate further, please write to us at https://t.co/y7rSTLsgY2. You should get an automated email with the 7 digit ticket ID, please could you DM that to us in order to locate it in our system?",topup,storage_quota_plan_limits,,first_contact,0.95,,negative,en
438562,"Warning ..looks like a phishing under guise of @DropboxSupport

No name who sent document and one would think @118189 could spell ""view"" https://t.co/RGVGP7o5Cc","@219212 That’s wierd that you recieved that massage… In all seriousness, please forward that email to __email__ for us to investigate! https://t.co/lJwkR7Rw6p",topup,phishing_abuse_report,,first_contact,0.99,,negative,en
2119014,@DropboxSupport Why is the web browser displaying 'too many login attempts' even on my first login? I can't access dropbox website at all.,"@624472 Hey there, to look into that with you, could you DM us a screenshot (omitting personal info) of what you're seeing while attempting... 1/2",topup,account_access,,first_contact,0.95,,negative,en
259327,@DropboxSupport how can I eliminate a Team folder? It's imposible and the person is no longer available for me to reach to!,"@177672 Hi there, you can manage your Team Folders from the admin console here: https://t.co/xT7dMlckTY. Please feel free to DM us if you... 1/2",topup,sharing_permissions,,first_contact,0.95,,negative,en
2150101,"@DropboxSupport i have many troubles in my account, i don't have permission to create file sharing link and my old file links  show me always this messg from all browsers !! how i hit the limits !!! i don't use my account too much https://t.co/vd7Q7hSsK5","@631912 Hey Ahmed, we’d like to have a closer look, as this should be investigated by our specialized team. To check the case, please write us: https://t.co/6gPtR8GzbX and DM us your ticket ID, so as to look it up internally and make sure to put that to the attention of a colleague, thx!",topup,sharing_permissions,storage_quota_plan_limits,first_contact,0.95,,negative,en
1040842,"@232660 @366207 @71151 @118189 They replied.

""You have successfully redeemed your license key.

Key1 - Redeemed 26th November 2016, Active on next renewal date 18th November 2017.
Key2 - Redeemed 15th November 2017, Active on next renewal date 18th November 2018.""

Asked them to update the billing page though","@366206 Hey Artem, glad to hear that this was sorted by our colleagues &amp; we appreciate your follow-up here. Happy syncing &amp; a lovely rest of the day ahead; of course, we’re always here for you in case you have further inquiries. Wishing you a lovely rest of the day ahead! 😊",main_random,billing_subscription,,first_contact,0.95,,neutral,en
1874043,@118189 Sad cos I can't remember which email my first cudi concert is under and which email the Especial Tour was under either 😞,@559484 ...education + work ones) and try signing in with the combinations of passwords you remember could be associated with the account! 2/2,main_random,account_access,,first_contact,0.92,,negative,en
2768650,"@DropboxSupport Iv just lost my PHD docx file, I cant find this file in my computer and in dropbox!!! I lost 2 months of my work, is there any way to restor my file?","@774130 Hey there, let us send over some tips to help you locate it! Firstly, you can monitor deleted content on your Events page: https://t.co/WlNQRcsSVk. If you’d like more info about restorations, you can have a look at: https://t.co/O5rt2mjygF. Keep us updated on the outcome here!",main_random,data_loss_recovery,,first_contact,0.92,,negative,en
1788320,@118189 my desktop app (Mac) is syncing at a snail's pace today. Is the service having issues?,"@314062 Hi Dan, sorry to hear that. Is the issue still ongoing?",main_random,sync_app_bug,,first_contact,0.95,,negative,en
1577541,"this should read “hi Elara your @118189 is full but we can help if you give us money. also we don’t have a student discount, so fuck you.” https://t.co/e8DIsWJNKg",@485912 ...article for ways to bump up your space: https://t.co/Cu3MGk07Ov Hope it helps! ⭐ 2/2,main_random,complaint_dissatisfaction,,first_contact,0.95,abusive_content,angry,en
1851629,Is @DropboxSupport down? Mac Client does not sync….,"@554214 Hi Mario, we experienced a small outage that affected desktop app performance. It should be fine now! Are you still having issues?",main_random,service_outage,,first_contact,0.95,,negative,en
2222820,"@DropboxSupport Hi guys, I am getting notifications from my work account on my home computer. How can I unlink their account from home? __email__",@649143 ...here in case you need further assistance &amp; we’ll do our best to promptly follow-up with you! 2/2,main_random,account_access,,first_contact,0.95,,neutral,en
1041951,"@DropboxSupport Smart Sync = still beta? It's listed as a feature in your biz plans, but it's also in ""Early Access"" in the admin backend. 🤔","@366399 ...applies to the whole company, and the Dropbox desktop application needs admin permissions: https://t.co/qwxrMUPI3D 2/2",main_random,how_to_usage,,first_contact,0.95,,neutral,en
1781362,"@535205 Word a décidé ajdh de décaler tous les chiffres/reférnce de ma biblio sans raison apparente. Sauvée par @118189, #TimeTravel","@535205 Pourriez-vous vous rendre sur https://t.co/Necx3xtPlq, puis nous DM votre adresse e-mail afin d'effectuer le suivi de votre demande? Merci!",main_random,no_action_needed,,first_contact,0.85,,neutral,fr
2187450,@DropboxSupport IT will be awesome when those last 13 files upload in 7 days time 😆🔫,"@640565 Hey again Andy 😊 keep in mind that sometimes resetting or retrying your connection gets you a different route and better speeds, but that is outside of our control, unfortunately.",main_random,sync_app_bug,,first_contact,0.92,,positive,en
1972693,"@DropboxSupport 350/350, no firewalls or anything in between.","@201391 Hi again, in order to investigate this matter further, please write to us at https://t.co/y7rSTLsgY2 and DM us your ticket ID. Thanks!",main_random,storage_quota_plan_limits,,first_contact,0.92,,neutral,en
241285,@DropboxSupport I CANT SEEM TO SIGN IN SO I CAN CANCEL MY 9.99 FEE EVERY MONTH.  JUST GET THE RUNAROUND ON YOUR SITE...GOING TO CONTACT bbb,"@173284 ...a support ticket here https://t.co/aixbBeAWNx, and then DM us your ticket number so we can look up your case. Thanks! 2/2",main_random,account_access,billing_subscription,first_contact,0.92,churn_threat,negative,en
1561611,@118189 I am having difficulty uploading a file to a link that was shared. Can you help me please? Emergency,@482409 ...possible? Thx! 2/2,main_random,sharing_permissions,,first_contact,0.92,,negative,en
1644499,@502546 @DropboxSupport Same here!,"@502547 @502546 Hey there, there was a disruption on Saturday, which has now been resolved. If you're still having issues, please let us know. Happy Monday!",main_random,no_action_needed,,first_contact,0.95,,neutral,en
838554,@DropboxSupport The auto checkbox &amp; star features are making my business user experience worthless. How do I disable?!,"@172634 Hi Bianca, currently these features can’t be disabled. If a file is uploaded, the checkbox is automatically selected for that file.... 1/2",main_random,how_to_usage,,first_contact,0.95,,neutral,en
1862733,"Super excited for the @118189 Smart Sync feature, but £19.99 a month seems a little steep to me 🙃",@556626 ...like Showcase: https://t.co/vcuah3zoKb Hope this information helps! 2/2,main_random,complaint_dissatisfaction,feature_request,first_contact,0.92,,negative,en
1041902,@DropboxSupport I sent it from a link You guys sent me over private message last Month. So I guess u can’t do anything once again even tho I’m BUSINESS PLAN,@182114 ...email address you used to submit your initial request? It'll be the best way for us to confirm and ensure that we can establish... 2/3,main_random,account_access,,first_contact,0.8,,negative,en
2828924,@DropboxSupport I Have done this. Too bad it didn't solve the problem,"@787820 Hi again, could you DM us a screenshot of your Dropbox mobile app and the Home tab in order to understand where the upload is coming from? Thanks!",main_random,complaint_dissatisfaction,,first_contact,0.92,,negative,en
1419325,@DropboxSupport Please fasr!!,"@449939 Hi there, our engineers were working on this problem and it was fixed. All services and functionality should be fully restored.",main_random,no_action_needed,,first_contact,0.4,,neutral,en
2867703,@DropboxSupport I don't understand - I'm willing to pay the difference - to get the additional features your selling - why won't you sell them to me? What are my options - just waste that 1 year of plus or be without the new features?,"@149958 ...in this case, we’re unable to adjust the license key from the moment it’s been applied. Hope this helps clarify! 2/2",main_random,billing_subscription,feature_request,first_contact,0.92,,negative,en
1729545,@DropboxSupport will you update your iOS app to take advantage of iOS 11’s smart invert?,"@479451 Hey Jack, thanks for checking with us - Not at this point in time, but we’ll forward your feedback to our Dev’s. 🙂 Thanks!",main_random,feature_request,,first_contact,0.95,,neutral,en
1050476,"@368258 @118189 @DropboxSupport whoever is controlling your Jira board needs to be fired, this was not a priority. More like a hinderance. :((","@368257 @368258 @118189 Hi Alex, sorry to hear you feel this way. What seems to be the issue?",main_random,no_action_needed,,first_contact,0.95,,negative,en
929722,@DropboxSupport I cancelled my subscription yesterday to drop box plus and was still charged. Why did that happen? I followed Yor FAQ.,"@340585 Hi Alexis, as this is related to sensitive billing details, we’d recommend that you please write to us at https://t.co/y7rSTLsgY2.... 1/2",main_random,billing_subscription,,first_contact,0.95,,negative,en
1331576,@DropboxSupport @430646 @118189 Please advise https://t.co/3T7SOhdncK,"@540190 Hey Jennifer, to further investigate please write us: https://t.co/6gPtR8GzbX and DM us your ticket ID, so as to have a look into it, thx!",main_random,no_action_needed,,first_contact,0.6,,neutral,en
1339451,@DropboxSupport How can I control reminders for Showcase emails? I can see this annoying some clients who download docs without signing in,"@432437 Hi Gerald, currently there isn’t an option to amend notifications for Showcases, though we’re looking to improve it further, so we’ll... 1/2",main_random,how_to_usage,,first_contact,0.95,,neutral,en
3485,"@DropboxSupport hi, when I follow the link, dropbox asks me to log in with my biz account. I want to apply it to my personal account","@116535 Hi again, do you have two emails, a work and personal account, and are they linked? Are you able to login to your personal account first?",main_random,how_to_usage,,first_contact,0.95,,neutral,en
2700303,@DropboxSupport No phone support for Dropbox Plus members? Tbh I keep having problems with @118189 #disappointedcustomer,"@521319 Hi Julie, we provide phone support for team admins of Dropbox Business subscriptions on the Advanced or Enterprise plans. If you’re... 1/2",main_random,how_to_usage,complaint_dissatisfaction,first_contact,0.92,wants_human,negative,en
241283,@DropboxSupport I can't download dropbox mobile after the last update on Microsoft store,@173283 Hi Ahmed. Give this link a try https://t.co/BPcTdz1qng and let us know how it goes. Thanks!,main_random,sync_app_bug,,first_contact,0.92,,negative,en
1843215,@DropboxSupport All good thanks!,"@524491 Perfect Aleksandr, so glad to hear that this was resolved! 😃 Happy syncing &amp; a great rest of the day ahead!",main_random,no_action_needed,,first_contact,0.99,,positive,en
1856823,Just crazy the new prices for @118189 plans. Geez! 😐,"@263676 Hi Henrique, the pricing for Dropbox Professional reflects the value we’re adding, like Smart Sync and through new features, like... 1/2",main_random,billing_subscription,,first_contact,0.95,,negative,en
847924,"@118189 People: give us smart sync, please.
Dropbox: hold my beer while I create a more expensive plan and ignore plus users","@559458 ...adding through new features, like Showcase: https://t.co/vcuah3zoKb We appreciate you sharing your feedback with us! 2/2",main_random,feature_request,complaint_dissatisfaction,first_contact,0.92,,negative,en
2507946,@118189 is the 2FA down right now?,"@715008 Hi there, this sounds like an issue that needs to be investigated by our team at https://t.co/iIc938jY1e since it is account security sensitive. Please write in an email and send us the ticket ID so as to follow up on the case. Thanks!",main_random,account_access,,first_contact,0.95,,neutral,en
1863374,"@DropboxSupport Did the taskbar icon change?  I'm missing the green check, now see only the white box, which usually indicates network down","@556776 Hi Marc, this change provides a more consistent experience of the Dropbox icon between different operating systems. If the account is... 1/2",main_random,sync_app_bug,,first_contact,0.95,,neutral,en
2243327,@DropboxSupport Seem to have lost lots of files i have uploaded to Dropbox. I can see them in events. How can i get help?,"@653984 Hey Andy, are your files in a shared folder? Can you go to: https://t.co/Ua2DuW806Z &amp; check under “Folders you can add to your Dropbox”? You’ll be given the option to “Add” your folder back there. Feel free to DM us more details here if you need further assistance, thanks!",main_random,data_loss_recovery,,first_contact,0.92,,negative,en
1960101,@118189 can you dm me a customer service phone number please - technical support,@190225 ...details on your admin console here: https://t.co/Fippr9uyJq. Hope this is helpful! 2/2,main_random,how_to_usage,,first_contact,0.9,wants_human,neutral,en
1960138,"I don't like the new @118189 tray icon, every time I see it I think there's something wrong with it","@581416 Hey there, the newest stable version no longer has the green ✔️, so as to provide a more consistent experience of the Dropbox icon... 1/3",main_random,complaint_dissatisfaction,,first_contact,0.95,,negative,en
615215,@118189 why did you remove the green check that signs everything is alright and I'm connected to the dropbox cloud?,@266124 ...provides a more consistent experience of the Dropbox icon between different operating systems: https://t.co/qibJNyakqa 2/2,main_random,how_to_usage,,first_contact,0.8,,neutral,en
1958723,@118189 *space,"@581108 ...https://t.co/rqv97FBbU7. We'll make sure to pass your comments on to our dev. team as well though for future consideration,... 2/3",main_random,no_action_needed,,first_contact,0.95,,neutral,en
768404,@118189 What's the difference between this and plus and free vision,"@578923 Hey Nicholas, great question! You may have a look at the available features that come with each plan here: https://t.co/rqv97FBbU7. Cheers!",main_random,how_to_usage,,first_contact,0.95,,neutral,en
847909,@118189 In Brazil is so expensive this service. You ougth to review this price.,"@321519 Hey Douglas, thanks for sharing your thoughts, we’ll add your voice to the feedback we’re forwarding to our team.",main_random,billing_subscription,,first_contact,0.92,,negative,en
933440,"@DropboxSupport I know about that, but the green icon worked great for me and many others just fine on Windows, Linux, etc. It was a bad decision.","@341412 Hi again Ken, we understand, and we’ll be sure to add your voice to the received feedback on this update. Thank you! ✉",main_random,complaint_dissatisfaction,,first_contact,0.95,,negative,en
1419269,🙃 Loving it @DropboxSupport https://t.co/UqYZeLf1vT,"@449911 Hi there, our engineers were working on this problem and resolved it. All services and functionality should be fully restored.",main_random,no_action_needed,,first_contact,0.99,,positive,en
1030225,"@118189 Hi, I only have Dropbox on iPhone have no desktop. Can I still upload photos please? Hi, this is my second time of asking.","@363753 Hey Jumoke, you could use the Camera Uploads feature by upgrading to Dropbox Plus. Please have a look at: https://t.co/c0jXRNvmdN.... 1/3",main_random,how_to_usage,,first_contact,0.95,,neutral,en
74467,@DropboxSupport \name of the file\DSC_0015.JPG. This is extremely frustrating and a big waste of time.,"@132674 Thanks for the additional info! Could you also make sure that you’re running the latest stable version of the application on your desktop (https://t.co/0lWarUQuho) &amp; it’s syncing correctly on your system tray? Feel free to DM us a screenshot of the error message here, so... 1/2",main_random,sync_app_bug,,first_contact,0.6,,negative,en
1901120,@DropboxSupport Hi ... Earned 25gb of space via HP Promotion. Is there any expiry for this earned space ?,"@566552 Hey there, the promotion space should be available for 1 year, feel free to have a look at this article for more info:... 1/2",main_random,how_to_usage,,first_contact,0.95,,neutral,en
1452735,Hi @dropboxsupport why can't I get notifications of added files to my android phone?,"@457133 ...within a shared folder, but we’ll be sure to forward your question to our Developers as feedback. Thanks! 2/2",main_random,how_to_usage,,first_contact,0.95,,neutral,en
715979,"@DropboxSupport Over a Month Later, no, I don't have a ticket ID.","@291320 ...there. You might need to create a password for this system, as it is completely separate from your Dropbox account. 2/2",main_random,complaint_dissatisfaction,,first_contact,0.92,,negative,en
2836769,Great service by #Dropbox @DropboxSupport https://t.co/lSt5GzcFZu,@789570 ...covers common causes + how to resolve: https://t.co/KQtmmJC6S3 Hope it helps you out! 2/2,main_random,no_action_needed,,first_contact,0.99,,positive,en
859250,"@DropboxSupport Fixed. Thanks. Don't understand how u send email with one date, 2nd email with diff date, then ignore both and close it earlier on your own.","@324018 Hey again Jett, thanks for the update, glad to hear it - we're here if there's anything else you ever need assistance with! 😊",main_random,complaint_dissatisfaction,,confirming_resolved,0.92,,negative,en
1324437,"@DropboxSupport If I have a Plus plan and sharing folder with a standard (free plan) user, are they limited to 2GB of uploads to the folder?","@429060 Hi Mark, that’s correct, shared folder content takes up space on each user's account. If you just want them to upload files to your... 1/2",main_random,how_to_usage,,first_contact,0.95,,neutral,en
1331572,@DropboxSupport It's not going to show up in a screenshot. It was a little pop up that displayed on my screen and then disappeared.,"@292849 Hi again, in order for us to view your account details to investigate, please write to us at https://t.co/y7rSTLsgY2.",main_random,sync_app_bug,,first_contact,0.92,,neutral,en
1687145,@DropboxSupport I just redeemed a 1-year pro code purchased from Dell via your website. I got a 'success' message but expiry date unchanged!,"@512368 ...an official request at https://t.co/JzCu5Ol0GV + DM us your ticket ID, so we can follow up with you from there? Thx in advance! 2/2",main_random,billing_subscription,,first_contact,0.95,,neutral,en
1497185,@118189 https://t.co/GHh5Znm5Hm,@467619 💙😎,main_random,no_action_needed,,first_contact,0.9,,neutral,en
1076125,@DropboxSupport any chance of smart sync being extended to plus accounts? hard drive sizes are shrinking out here.,"@373917 Hey there, have a look at our new Professional plan here https://t.co/TfJBHx0jLr 😉. Cheers!",main_random,feature_request,,first_contact,0.95,,neutral,en
1957873,"@118189 
Something wrong guys? https://t.co/7uT7NFcHju","@580902 Hey there, have you tried accessing: https://t.co/h8Tdi5MOnW through an incognito window? Also, are connecting through a work network?",main_random,service_outage,,first_contact,0.92,,neutral,en
2179670,@DropboxSupport Will do.,"@384357 Hi again, when doing so, if you want, DM us the ticket ID so we can locate your case and follow up. Thanks and have a lovely week!",main_random,no_action_needed,,first_contact,0.95,,neutral,en
2055860,@DropboxSupport All good now. Looks like it was just a capacity issue on your end. Thanks for getting back to me.,"@607991 Perfect, so glad to hear this was sorted Gary! 😃 Happy syncing &amp; a great rest of the day ahead!",main_random,no_action_needed,,confirming_resolved,0.99,,positive,en
2573123,"@DropboxSupport @118189 ...still unresolved issues. After 3 months of emailing tech support, will you allow me to speak with a real person?","@455194 ...Chat. Regarding your query, are you on an Android or iPhone? What error message exactly are you receiving on your device? Could you DM us a screenshot so we can assist further? Thanks in advance! 2/2",main_random,complaint_dissatisfaction,,first_contact,0.95,wants_human,negative,en
266807,@DropboxSupport Yes. this is day 2 and I notice that my desktop files are not syncing. Please advise. thanks,"@179575 Hey Bynes, can you make sure you’re running the latest stable version (36.4.22) on your desktop? To further look into that with you,... 1/2",main_random,sync_app_bug,,first_contact,0.97,,neutral,en
2540849,@DropboxSupport P1 You need to send the login IP address when you send warnings of possibly unauthorized logins. It's confusing not to.,@293803 Thanks again for sharing this with us - we definitely find this as valuable feedback and it’s useful to know how this is seen from a user perspective. 😊,main_random,security_account_compromise,,first_contact,0.92,,negative,en
240315,"@DropboxSupport I want to InviteAFriend. But she only has an iPad, no desktop computer. Can she sign up &amp; install Dropbox entirely via iPad?",@173079 ...be happy to help you out with the space 😊 3/3,main_random,how_to_usage,,first_contact,0.98,,neutral,en
2168060,"@DropboxSupport hi, you have just charged me £750 without my authorisation. I would like to speak to a rep to get this cancelled asap.","@636167 Hi Scheiffer, as this is a sensitive billing issue, it needs to be addressed to our team at https://t.co/iIc938jY1e. Once you email them, feel free to DM us the ticket ID so as to follow up on the case. Thanks and have a great rest of the day!",main_random,billing_subscription,,first_contact,0.99,wants_human,negative,en
1804904,@DropboxSupport having some other tech glitches so I (and now my whole team) went to https://t.co/CUHvRk8nTq and:  What is going on? https://t.co/xMceAlgvZl,"@542310 Hey Tori, we’re not experiencing any issues at the moment. Does this persist for you through an incognito window? Keep us updated here, thx!",main_random,service_outage,,first_contact,0.8,,negative,en
2826329,@DropboxSupport I did and I never got a response 😔,"@787299 As you’ve contacted us on our official support channel Jeremy, you should have received a follow-up email. If you can’t find it, can you check your spam folder &amp; add ""__email__"" to your address book? Also, you could login to our support system... 1/2",main_random,complaint_dissatisfaction,,first_contact,0.92,,negative,en
1523722,@DropboxSupport I was wondering if there was an option to trial Dropbox Professional (I am on Plus)?,"@__K_a_r_l__ Hi Karl, thanks for your interest in Dropbox Professional. Currently, there is not an available Trial but it is definitely something... 1/2",main_random,how_to_usage,,first_contact,0.95,,neutral,en
2826323,@DropboxSupport  Your Site does not provide facility to upload 0 KB files like Google Drive &amp; Box provide. Update your software,"@787296 Hi there, thanks for sharing your thoughts with us. As it’s not currently possible / supported to upload a 0KB folder, for example, we’ll be happy to forward your suggestion as feedback to our team. Thank you!",main_random,feature_request,,first_contact,0.95,,neutral,en
1082713,@DropboxSupport That's absurd. Please add it back.,"@156054 Hi again Carl, we understand, and we’ll be sure to add your voice to the received feedback on this update. Thank you! ✉",main_random,feature_request,,first_contact,0.95,,negative,en
2551167,@39613 @118189 @DropboxSupport Dropbox is a RIPOFF! They charge customers for TRIALS before they are OVER!!,"@724767 Hi Julie, sorry to hear you feel this way. As this is a sensitive billing issue you will need to reach out to our team at... 1/2",main_random,billing_subscription,complaint_dissatisfaction,first_contact,0.92,,negative,en
1383896,This is not the moment to stop working @DropboxSupport https://t.co/XQYrpWb1as,"@442060 Hey Hugo, thanks for flagging, much appreciated! This has been resolved &amp; all should be running normally now. Happy Monday!",main_random,service_outage,,first_contact,0.92,,negative,en
1619102,@DropboxSupport Please brink back the GREEN TICK . It's difficult to distinguish between the subtle shades especially in bright light.,@496346 ...your comments to our dev team for future consideration! 3/3,main_random,feature_request,,first_contact,0.92,,neutral,en
659270,".@118189 using #DropboxPaper for a month now. Love it so far, even though its still an #MVP. Please, please give us a view of all the open Action items. It is unbelievably painful to click through all meeting notes to find which actions are open especially other's action items","@276980 Hey Max, thanks for the feedback on this, and for sharing your Paper experience with us! We’ll be sure to make a note of this and forward it to our team for future consideration ✍️ Thanks!",main_random,feature_request,,first_contact,0.95,,positive,en
1923420,@118189 @DropboxSupport @116029 it’s been a month of trying to resolve an issue but I can’t talk to a real person on the phone! 😩😭,"@455194 Hi Becky, we’ve looked at your ticket and can see a specialist replied to you on October 3rd. Did you not receive that email in your inbox?",main_random,complaint_dissatisfaction,,first_contact,0.95,wants_human,negative,en
1895744,@118189 @116029 I like how you guys charged me $750 for a trial and refuse to refund me. /sarcasm time to build my own File Sync.,"@411550 Hi Joshua, we’d like to follow-up on your request. Is there a ticket ID to reference? Please let us know in a DM, so that we have a look!",main_random,billing_subscription,complaint_dissatisfaction,first_contact,0.95,churn_threat,negative,en
2932794,@118189 I’d like more info on Smart Sync. The video leaves me wondering what’s going on.,"@811058 Hi there, Smart Sync allows you to save space by having your file structure replicated on your computer, but all the files take up a fraction of the space, since they all reside in the cloud online. You can also make specific items local only if you wish: https://t.co/yErfKHJXdi",main_random,how_to_usage,,first_contact,0.95,,neutral,en
193025,".@116029 @DropboxSupport as a small non-profit, we can't afford to pay $500 for something we're not going to use https://t.co/4l8Jf450ai","@161363 @116029 Hey Kyle, as this is subscription-specific, could you please submit an official request at https://t.co/JzCu5Ol0GV + DM us your... 1/2",main_random,billing_subscription,,first_contact,0.95,,negative,en
1067503,@118189 @DropboxSupport Wouldn't an icon WITH a check mark ✅ make more sense when all is updated?,"@371913 Hi there, this change provides a more consistent experience of the Dropbox icon between different operating systems. For our new... 1/2",main_random,feature_request,,first_contact,0.95,,neutral,en
1138133,@DropboxSupport unable to renew dropbox business account,"@388080 Hi there, since this a sensitive billing issue, please reach out to our team at https://t.co/iIc938jY1e. DM us the ticket number so... 1/2",main_random,billing_subscription,,first_contact,0.98,,negative,en
267212,@DropboxSupport Yeah I tried to submit a ticket and found a bug with that system. So I made a ticket about that. Then another bug and another ticket,"@161374 ...to a colleague, who’ll work with you closely towards a resolution. 2/2",main_random,sync_app_bug,,first_contact,0.92,,neutral,en
158426,"@DropboxSupport - Hi guys, what's the best email address to get in touch with someone in your business app's integration team? Thanks ^Carmel","@152425 Hey there, are you looking to integrate Dropbox with your business, or are you interested in developing your own app? Let us know so we can better-direct your question. Thanks!",main_random,how_to_usage,,first_contact,0.95,,neutral,en
1334172,@DropboxSupport When I play the file in my Dropbox folder is plays no sound. If I transfer it to my actual hard drive it still has no sound. Only on m phone,"@431241 ...ticket ID once you have, so we can follow up + further investigate? Thanks in advance and have a great weekend! 2/2",main_random,how_to_usage,,first_contact,0.92,,negative,en
407837,@DropboxSupport How do I cancel my Dropbox subscription? Instructions are Cancel Plan option on the Settings / Plan page but it is not there,"@212225 Hi Annette, we’re replying to your DM, bear with us!",main_random,billing_subscription,,first_contact,0.98,,neutral,en
1486662,"@DropboxSupport hi team, just inboxed you, please reply when you can","@465250 Hey there, we’re replying to your direct message… 😉",main_random,no_action_needed,,first_contact,0.95,,neutral,en
512851,"@DropboxSupport
Anyone else having sync issues with #Dropbox .. client is making changes to shared sheet, I can't see them, same in reverse. Not the first time. #Dropbox is about to be binned. Suggestions of safe shared space please?","@237971 Hey Suzie, sorry to hear about the inconvenience this has caused you. We’d like to follow-up on the matter &amp; help over as much as we can. Just as a point of reference, are your files in a shared folder? Please DM us more details so as to check the case together, thanks!",main_random,sync_app_bug,sharing_permissions,first_contact,0.95,,negative,en
1603388,"@DropboxSupport Hey, I can't edit my word docs - view only because of my email address? Can you please explain and correct?","@492071 Hey Helene, could you DM us more info and a screenshot of your “view only” permissions - any chance someone else is the owner of the... 1/2",main_random,sharing_permissions,,first_contact,0.92,,negative,en
2976667,"@118189 I don't seem to have enough space on my laptop to connect my work Dropbox. If I keep my external hard drive plugged in (with much more space), will this solve the problem?","@820935 Hey Jess, you can use our Selective Sync feature which allows you to choose which folders you’d like to sync locally + make available in the cloud only ☁: https://t.co/7MK9KLNBSy It’s a hard drive space saver - Hope this helps! 😊 Also, Dropbox can’t always work correctly... 1/2",topup,sync_app_bug,,first_contact,0.95,,neutral,en
53189,@DropboxSupport It would be great if they offered a little bit more space. I would pay more if it did. Thanks for the reply,"@127993 We appreciate you sharing your thoughts with us, Tamara, and will be happy to add your voice to the tracked feedback we’ve received on the new plan. Thanks 🙂",topup,feature_request,,first_contact,0.95,,neutral,en
659012,@DropboxSupport On iOS to a shared folder with a file name that is 4 letters long. Can save all day long to a non shared folder.,@276908 ...www.dropbox.com/support? Feel free to DM us the ticket ID so we can follow up on the case. Thanks. 2/2,topup,sync_app_bug,,first_contact,0.9,,neutral,en
1462091,"@DropboxSupport A colleague sent me a link to share files however the folder has been linked to one share folder for which I am not the administrator, how can I change this link to my personal folder?","@459342 Hey Alec, from the moment the files have been shared with you as a shared link, saving a copy of that folder to your Dropbox... 1/3",topup,sharing_permissions,,first_contact,0.95,,neutral,en
653988,"Hey @118189 can you make it so the ""share link"" function creates an automatically shortened URL version?  E.g. https://t.co/JCaY2Tafy4 in lieu of some unwieldy 300+ character string. Thanks!","@275565 Hey Mike, currently we don’t support/ offer shortening your shared links, however, you can always use a 3rd-party-app to alter this 😊 Hope it helps!",topup,feature_request,,first_contact,0.98,,neutral,en
857477,@DropboxSupport All noted (have cc'd the ticket correspondence there) and will do if I receive another one ! Thanks. #phish #scam #watchout,"@323624 Thank you, John. Have a great week 🙂",topup,no_action_needed,,first_contact,0.95,,positive,en
88981,"@DropboxSupport As for the other oddity, I can't reproduce it, maybe the message was related to a shared folder","@135254 Hi again, Lassi. That is the correct form, so you would have received an email shortly after your submission. You may have to check your Spam/Junk folder for this, as sometimes our emails get routed there by mistake. Let us know. Thanks!",topup,no_action_needed,,first_contact,0.92,,neutral,en
729816,"@DropboxSupport It's a shared folder that has been syncing, but a few subfolders added later are now not downloading",@294807 ...also write in here https://t.co/aixbBeAWNx for further troubleshooting. Thanks! 2/2,topup,sync_app_bug,,first_contact,0.95,,neutral,en
2276391,@DropboxSupport hi is Dropbox down on web browser?,"@662075 Hi Britanny, we do not have any outage reports at the moment. What seems to be the issue? Thanks!",topup,service_outage,,first_contact,0.98,,neutral,en
74452,@DropboxSupport And this is the best that Dropbox can do... Is it a sneaky way to get us to buy more space I wonder!?! https://t.co/U5a6SI7wSi,"@132670 ...across any linked device. To permanently delete files, please visit: https://t.co/9H9EfStxhU. To earn more space, check this article out: https://t.co/B8WIhvKP5P. Hope this helps. Thanks! 2/2",topup,complaint_dissatisfaction,storage_quota_plan_limits,first_contact,0.92,,negative,en
1754987,@DropboxSupport What’s the best way to report phishing invites?,"@411106 Hi Carl, thanks for flagging. Can you please forward the entire e-mail to __email__? Thanks again!",topup,phishing_abuse_report,,first_contact,0.95,,neutral,en
1421734,@DropboxSupport Thank you - I wanted the files to be read-only anyway :D x,"@127858 In that case, perfect! 😊 &amp;&amp; no problem, happy to help!",topup,no_action_needed,,first_contact,0.99,,positive,en
1909153,@DropboxSupport I want to share my pics with a friend so they can download them is there a way to do this without them using their quota?,"@568735 Hey Sam, in order to not affect the space of the user you are sharing with (or if your friends don’t have Dropbox) we recommend... 1/2",topup,sharing_permissions,,first_contact,0.95,,neutral,en
1513058,@118189 has committed fraud and identity theft against me.,"@289742 ...www.dropbox.com/support to submit an official request (as this is account-specific). We’ll be happy to help, thank you! 2/2",topup,security_account_compromise,,first_contact,0.95,,negative,en
2179683,@118189 #LIARS GAVE AWAY MY PERSONAL PAID ACCOUNT WITHOUT PERMISSION #WORSTCLOUDSTORAGECOMPANY,"@636163 Hi Daniel, we understand your frustration. If you accepted an invite to join a paid Dropbox Business team (not a shared folder), and then chose to merge your data, then you’re allowing the team admin to then technically own your account and all data within. In order for us... 1/2",topup,security_account_compromise,,first_contact,0.95,,negative,en
1979876,@DropboxSupport things are acting up on Firefox on the Mac when asked to join shared folder. Changing window does not help https://t.co/g95QpQdBgm,"@181805 Hey Mark, try a private window, go directly to https://t.co/mYtkfqU20R, then Files, then Sharing. Please try the above in a different... 1/2",topup,sharing_permissions,,first_contact,0.92,,negative,en
37940,WTF @dropboxsupport? What am I supposed to do with this hidden menu? I can't access my shared folder! https://t.co/hQJPkd7Pjv,@124243 ...given the wording used in the screenshot. 2/2,topup,sharing_permissions,how_to_usage,first_contact,0.95,,negative,en
1992403,@DropboxSupport An you share with me the cost of the Plan that would give me unlimited storage per user minimum 3 users? Thanks,"@458607 Hi there, here’s a link in which you can compare our current Dropbox Business Plans with the features and prices listed accordingly:... 1/2",topup,billing_subscription,,first_contact,0.95,,neutral,en
1958701,@118189 beware giving this company payment details as their systems’ not secure. Being done through fraud twice &amp; offered no compensation,"@581101 Hi there, we’d like to follow-up on your request. Is there a ticket ID to reference? Please let us know in a DM, so that we have a look!",topup,complaint_dissatisfaction,security_account_compromise,first_contact,0.9,,negative,en
2901840,"@DropboxSupport I have a file that was shared with me. For some reason the shared file does not stay up to date with the original file? I opened the file that was shared with me, and clicked save to my dropbox. The saved version does not stay up to date though.","@803761 Hi Richard, this is normal behavior. When you save the file to your Dropbox account, only the current version is saved, and it doesn’t automatically update: https://t.co/EQNBI73LUd. You can still access the latest version of the file using the shared file link:... 1/2",topup,sync_app_bug,,first_contact,0.92,,negative,en
1873832,when @118189 adds stuff to your account without getting your permission first. #NOTCOOL,"@330031 Hi Lisa, could you follow up with us in more detail on what you’re referring to that has been added to your account? We’d like to help!",topup,security_account_compromise,,first_contact,0.95,,negative,en
2179735,"@DropboxSupport How can you allow that? Dropbox is all about data security, how can you allow Team Admin to have the power of erasing my personal data without my permission. This is a breach of personal data not to mention I lost my paid subscription too",@631915 ...we’ll be more than happy to check into this for you. Please let us know your ticket number so we can have a look. Thanks 2/2,topup,security_account_compromise,billing_subscription,first_contact,0.95,legal_sensitive,negative,en
1829289,"@DropboxSupport Seriously? After this past weekend's total outage? It may be time to start explaining some things, @118189.","@548958 @118189 Hey Bradley, we do apologize for the inconvenience - our team is currently working on getting this resolved. Thank you!",topup,service_outage,,first_contact,0.95,,negative,en
32652,@DropboxSupport no shared folders and the quota is not going down. this is annoying and it doesn't seem to be isolated based on chat boards :(,"@123254 Hi again, if you’re still experiencing this issue, please write to us at https://t.co/y7rSTLsgY2 and DM us your ticket ID. Thanks!",topup,storage_quota_plan_limits,sharing_permissions,first_contact,0.92,,negative,en
2172980,"@133368 No no, NOT a phish. This is a legit email from @118189.","@637218 Hi there, we’d like to look into this matter further, could you please write to us at https://t.co/y7rSTLsgY2.

You should get an automated email with the 7 digit ticket ID, please could you DM that to us in order to locate it in our system? Thanks!",topup,no_action_needed,,first_contact,0.95,,neutral,en
2172965,"#phishing campaign going around using ‘__email__’

cc: @118189 @DropboxSupport","@576340 @118189 Hi Frank, thanks for flagging. Did you receive any emails from that address? If yes, could you please forward them to __email__? Thanks again!",topup,phishing_abuse_report,,first_contact,0.98,,negative,en
1497183,@118189 is having major outage right now,"@266081 Hey there, thanks for flagging, much appreciated! This has been resolved &amp; all should be running normally now. Take care!",topup,service_outage,,first_contact,0.95,,negative,en
849436,@DropboxSupport @118189 is it me or is Dropbox down? I can't access anything.,"@321829 Hi. We’re not aware of anything like this. Are you still experiencing the issue? If so, what is your approximate location? Thanks",topup,service_outage,,first_contact,0.95,,negative,en
1134800,@118189 was Paper down today?,"@387359 Hi there, we didn't have any outage reports. Are you still having issues?",topup,service_outage,,first_contact,0.95,,neutral,en
2053253,@DropboxSupport Out of Space Warning will not go away even though 50%+ unwanted files removed - how to make DB recognize it is not at 100%,"@607223 Hi there, is your Dropbox account quota showing the right used storage space? If not, have a look here: https://t.co/sO36oqswEd",topup,storage_quota_plan_limits,,first_contact,0.95,,negative,en
1859795,Dropbox phishing site - hxxp://uticawebdesign[.]com/koya/proposal/LoginVerification[.]php @DropboxSupport #Phishing https://t.co/muw5F71laH,@508663 ...so that our specialized team makes sure to investigate further? Thanks! 2/2,topup,phishing_abuse_report,,first_contact,0.98,,negative,en
1337846,@DropboxSupport i get this message https://t.co/o7PBkgn33F when i'm trying to copy a folder shared link,"@432046 Hi there, could you try logging into the Dropbox site to create the shared link from there? Do you get the same error?",topup,sharing_permissions,,first_contact,0.92,,neutral,en
2092484,Why is it completely impossible - as a paying #customer to get help from @118189 or @DropboxSupport? #Dropbox #Fraud #Transparency,"@552651 @118189 Hi Lars, we’re sorry to hear if any difficulties you’ve experienced getting in touch with us. There are different ways to get in... 1/3",topup,complaint_dissatisfaction,,first_contact,0.92,,negative,en
1529752,@DropboxSupport When you report a questionable login to an account's owner please provide the IP address of suspicious login.,"@293803 ...current sources of activity on your account: https://t.co/PSJvSv6uKT as it shows: web sessions, linked devices + linked apps. 2/2",topup,security_account_compromise,,first_contact,0.95,,neutral,en
1000504,"@DropboxSupport 
For some reason, some mysterious files were uploaded to our receipts folder at 10:59AM and 11:00 AM, under my account, today. They all start with the name ""#photos-3"" and are URL files that don't load anything. Was my account hacked? Is this a Drop Box error?","@356860 Hi Seth, thanks for reaching out about this. It sounds like an issue that needs to be further investigated by our team at https://t.co/iIc938jY1e. Please let them know and if you want, DM us the ticket ID so we can follow up on the case. Thanks!",topup,security_account_compromise,,first_contact,0.92,,negative,en
988433,"@DropboxSupport I moved a shared folder to my desktop, edited files, then synced to a different acnt. changes reverted, how do I fix this?","@354187 Hi Ryan, we’re replying to your DM, bear with us!",topup,sync_app_bug,,first_contact,0.92,,negative,en
2742476,"@DropboxSupport what is the way to add more space to the current plan and how much does it cost ? without upgrading to team or business account

thanks","@706798 Hey there, our Plus and Professional plans offer 1TB of space (https://t.co/TfJBHx0jLr). You can also earn some free space for your account by referring friends to Dropbox! Take a look here https://t.co/LJb2LP4o1h for more info. Cheers!",topup,billing_subscription,,first_contact,0.95,,neutral,en
2801355,@DropboxSupport A .docx that my supervisor added to a shared folder on November 7th is not showing in at least two accounts. This is true for the Dropbox folder on our PCs and online. There is nothing different about this document than any other .docx in that shared folder.,"@781490 Hey Genelle, we’ve just replied to your DM - let us know if the info helps and if you have any updates. Thanks in advance!",topup,data_loss_recovery,,first_contact,0.92,,negative,en
1858921,Scan 10.18.2017.pdf #Dropbox #phishing #credharvester http://missbagshoes[.]com/expands/download/  @116029 @DropboxSupport https://t.co/wqtocBxpFP,@555820 @116029 ...so that our specialized team makes sure to investigate further? Thanks! 2/2,topup,phishing_abuse_report,,first_contact,0.99,,negative,en
824057,@118189 @DropboxSupport  check this out I've been receiving fake emails using your name https://t.co/umTqNnrssE,"@316292 Quite interesting, Joe! Could you forward that email to __email__ for our team to investigate? Thanks for the report!",topup,phishing_abuse_report,,first_contact,0.98,,negative,en
1516794,"@DropboxSupport I did, but didn’t get a much better response. I don’t think it was impersonating your service; more like abusing it. https://t.co/V6VsgVfuP9","@222099 Thanks for the update, John - we’ve flagged this with our team and will be sure to track any similar incidents. We appreciate you... 1/2",topup,phishing_abuse_report,,first_contact,0.95,,negative,en
610823,@DropboxSupport I upgraded my account to dropbox plus yet I am still getting messages on my computers saying I am out of space.  How can I get all of my files online and then do selective sync for each computer?,"@265228 Hi there, hope you are doing good! Currently, we don't have a feature to make all your files online, but what you can do is to go ahead and apply Selective Sync to each computer so you can choose the files you want synced locally. Hope this helps!",topup,storage_quota_plan_limits,how_to_usage,first_contact,0.92,,negative,en
1148455,@DropboxSupport I have been hacked this morning and a document sent to my entire email list. Please contact me asap,"@390270 Hi there, we’d highly recommend that you please write to us at https://t.co/y7rSTLsgY2. If you can’t login, you should see an option... 1/2",topup,security_account_compromise,,first_contact,0.95,wants_human,negative,en
1243081,"@DropboxSupport told I only have a few GB https://t.co/aR4DLHZtFN and then told I can’t upgrade my storage https://t.co/M2XlYq6Sg9 

2/2","@411617 Hi Mark, from your screenshot your personal account is linked to a team. Is it a Free team, and if so, is the work account on Dropbox Plus?",topup,storage_quota_plan_limits,,first_contact,0.95,,negative,en
1874363,"@116029 #collaboration feature request: allow expanded view of discussions on shared documents, give #remote teams some more space","@559560 Hi Anthi, apologies for the delay - We’ll be happy to forward your feedback over to our team for future consideration. Happy Friday! 😊",topup,feature_request,,first_contact,0.98,,neutral,en
459529,"Got email from @118189 telling you that there are documents to check, view or that have been shared with you? Be careful! It could be a phishing attack: https://t.co/LFIGiWyLzV","@216008 Hi Dave, please could you forward that email to __email__ for our team to investigate it further? Thanks!",topup,phishing_abuse_report,,first_contact,0.99,,neutral,en
1999298,"Hey @118189 - I have permanently deleted my deleted items, but still have ""ran out of Space"" notice. How do we fix it? #NoUpgrade #help","@591151 Hi there, try logging out and back in online. Also, check shared folders, as they also count against your storage space. Let us know. Thx!",topup,storage_quota_plan_limits,,first_contact,0.95,,negative,en
2063532,"I just got a @118189 invite to join 'internal' from 'admin' with 744 members. The email is a little wonky and includes the phrase """"\""&gt;&lt;script src=https://t.co/Y8rPEdSyN4&gt;&lt;/script&gt;"" in what looks like the custom info field. This is a phishing attempt, right? @DropboxSupport","@610301 @118189 Hi there, this does not seem to be coming from Dropbox. Can you please forward the email to __email__? Thanks a lot for flagging. Take care!",topup,phishing_abuse_report,,first_contact,0.98,,negative,en
2421521,Has anyone tried @118189 Professional? I'm currently on the Plus plan and there's not enough incentive for me to pay an extra $100 a year for 2 extra features. Would do it in a heartbeat if they offered more space.,"@695559 Hi Mathew, we’re currently looking into the possibility of a trial to test out Dropbox Professional, so you can try Showcases and Smart Sync. Regarding the increase in space, we can forward your feedback to our dev team to make them aware of your suggestion.",topup,feature_request,storage_quota_plan_limits,first_contact,0.92,,neutral,en
2028354,"@DropboxSupport I just installed DB on my acer windows 10 and almost ran out of space. Could't selective sync, deinstalled but files intact","@599817 Hi there, could you please give us some more info on what happened when you tried to use Selective Sync? DM us details! Thanks in advance.",topup,storage_quota_plan_limits,sync_app_bug,first_contact,0.8,,neutral,en
1999475,@118189 I want to find out more info on an unauthorized login to my acct. Is there a customer service phone number I can call?,"@591203 Hey Sonja, please change your password and then write in to our team at https://t.co/aixbBeAWNx for investigation and assistance. Thanks!",topup,security_account_compromise,,first_contact,0.99,wants_human,negative,en
1138154,@118189 Why has is it taking you 17 days to make contact in relation to an account breach and data protection issue on my account???,"@388082 Hi Ben, do you have any ticket ID’s as reference to your support interactions that we can locate and review? Thanks in advance!",topup,security_account_compromise,,first_contact,0.95,wants_human;legal_sensitive,negative,en
1438935,@DropboxSupport I just received a poorly made spam email trying to spoof you guys. Do you want a copy of it?,@453935 Yes please! Forwarding it to our team at __email__ would be very helpful and they’ll investigate it further!,topup,phishing_abuse_report,,first_contact,0.98,,neutral,en
1094009,@DropboxSupport Missing file from folder.  Not deleted.  How do I restore a file I cannot find?,"@378202 Hi Gwyn, we’ve just replied to your DM following up on the matter, thanks for checking with us! 😊",topup,data_loss_recovery,,first_contact,0.95,,negative,en
2967050,"#Dropbox #phishing 
hxxp://doverylittle.com/pdf/Dropbox/

@DropboxSupport https://t.co/mG4s1z0xpg","@818516 Hi Marco, we appreciate your cooperation on the matter, as this isn't an official Dropbox domain (https://t.co/LIB9t4PTvo). Could you forward the url to us at “__email__”, so that our specialized team makes sure to investigate further? Thanks &amp; hope you have a lovely day!",topup,phishing_abuse_report,,first_contact,0.98,,neutral,en
921871,@DropboxSupport Missing folder and files. Not deleted. Not in event log! Help!,"@338840 Hey Clare, have you checked on your Sharing tab here: https://t.co/Ua2DuW806Z? Please feel free to DM more details, so as to send... 1/2",topup,data_loss_recovery,,first_contact,0.92,,negative,en
2421520,"@DropboxSupport Thanks for the reply @DropboxSupport! Again, while the new features seem useful, I'd happily pay $200 a year if the plan included more space (2TB)? I'd even pay $300 a year for 3TB. Keep us posted.","@695559 Hi again, rest assured we will, if anything comes up. Thanks for your interest. Take care!",topup,feature_request,,first_contact,0.95,,positive,en
2910246,"@DropboxSupport I’ve permanently deleted tons of files to free up space and after 24 hours, my account is still not reflecting the change in space.. How do I free up my space?","@212157 Hi Tim, you don’t need to permanently delete files to free up space on your Dropbox account. Could you check this page to see how much quota you have remaining on your account? https://t.co/QRBfwqZs4Y",topup,storage_quota_plan_limits,,first_contact,0.92,,negative,en
2509185,"@DropboxSupport Folks, I love the Paper web UI, but can you watch this video of me trying to add some bullet points on the iPhone app? It was pretty excruciating. Also, how about auto-capitalising new lines? Just make formatting work the same as Apple Notes 😃. https://t.co/RxB1p0Te7k","@388459 Hi Sam, thanks for taking the time to share your thoughts. We'll make sure they find their way to our dev team. Feel free to reach back should you need anything else. Take care!",topup,feature_request,,first_contact,0.95,,positive,en
237165,@DropboxSupport Yes. I lost one and can't figure out how to remove its access.,"@172485 Hi again, try this. Settings &gt; Security &gt; Security keys &gt; Click Edit &gt; Click X by the key you want to remove &gt; Follow the... 1/2",topup,account_access,,first_contact,0.92,,negative,en
2471203,@DropboxSupport Why would you delete my account without prior notice or notification. All important documents and flies saved over the years lost. Very disheartening. @118189,"@706796 @118189 Hey there, we’ve just replied to your DM - let us know when you have the chance to have a look and follow up with us in more detail. Thanks!",topup,data_loss_recovery,,first_contact,0.92,,negative,en
1099456,@DropboxSupport Please can we have the 'green tick' checkmark on the task bar back to show that everything is 'ok'? Not the same without it.,@379451 ...provides a more consistent experience of the Dropbox icon between different operating systems: https://t.co/qibJNyakqa 2/2,topup,feature_request,,first_contact,0.95,,neutral,en
1480046,@118189 Do you have some problems this morning I can’t connect to my account.,"@463670 Hi Max, the Dropbox website was experiencing issues on Saturday, which have now been resolved. Apologies for the inconvenience!",topup,account_access,,first_contact,0.95,,negative,en
1817845,"@DropboxSupport my account under email “__email__” was disactivated due to inactivity, how may I recover it?","@546038 Hey iJuan, to further investigate your account-specific issue, please write us at: https://t.co/6gPtR8GzbX &amp; DM us your ticket ID here, thx!",topup,account_access,,first_contact,0.95,,negative,en
1209275,"@DropboxSupport been trying to update my dropbox account the whole morning but the system but website keeps reporting ""issues"". advice?","@403885 Hi Tom, sorry to hear that. Are you still having issues? Have you tried a different browser and/or clearing your current one's cache... 1/2",topup,account_access,,first_contact,0.92,,negative,en
685430,@DropboxSupport hi. My account was recently closed n I emailed to reactivate it n it told me it should be available in a couple of days but I still don’t have access to my files. I received the email about closing my account just a week ago so I hope there is a way to recover it,"@283613 Hey there, can you tell us your ticket number so we can locate your case and have a look? Thanks!",topup,account_access,,first_contact,0.95,,negative,en
2469274,@DropboxSupport Somehow a lot of files I need went to the delete folder. That might have been my error. Trying to recover them but I'm being forced to recover file-by-file which is taking forever. Sat at my PC an hour already.,"@706396 Thanks for letting us know, Matthew! Please write us at https://t.co/JzCu5Ol0GV if you need additional assistance with a restoration as our team can roll back your account to a previous point in time if necessary. 😊 Feel free to DM your ticket ID once you submit a request, thx!",topup,data_loss_recovery,,first_contact,0.95,,negative,en
79858,"@DropboxSupport good day. I've been experiencing difficulty while trying to free up space in my dropbox. I've deleted and then permanently deleted thousands of files, and yet the reading on my storage usage has not changed at all.","@133718 Hi Alex, we are sorry to hear you are having such issues. Is this happening while on https://t.co/z9esh5IzE9? Have you tried switch to a different browser and signing in and out of your account to see if it persists? Let us know how you get on. Thanks!😊",topup,storage_quota_plan_limits,,first_contact,0.95,,negative,en
729506,"@DropboxSupport I'm having very frustrating issues signing in on one browser, and commenting on another. I would appreciate some help please",@294727 Hi there. We’ll be glad to have a look at this. Can you DM us some more details? Thanks!,topup,account_access,,first_contact,0.95,,negative,en
2978332,@DropboxSupport I got an email that my account was closed and that my information deleted.  I tried to click on the link to re-activate it and I ended up just opening a new account.  All I want is my pictures back and I can close the account.,"@821409 Hi Colleen, as this is related to sensitive account details, please write to us at https://t.co/y7rSTLsgY2 while not logged in. You should see an option that says ""I can't sign in"" then ""Get help with other issue"". Once done, DM us your ticket ID. Thanks!",topup,data_loss_recovery,,first_contact,0.92,wants_human,negative,en
2609736,@DropboxSupport Hundreds of files deleted. Need help restoring. Our entire business is threatened by this. Is there some way to reach you by TELEPHONE??? I hate twitter and would like to SPEAK to someone. PLEASE.,"@738106 Hi there, we provide phone support for team admins of Dropbox Business subscriptions on the Advanced or Enterprise plans. They can contact us using the phone number and PIN from the admin console. Otherwise, you can view your support options by logging in and visiting... 1/2",topup,data_loss_recovery,,first_contact,0.95,wants_human,negative,en
1069139,"@DropboxSupport I tried to open my files and notice with today's update, they are all gone. What's up???","@372299 ...see that option, please message our team at https://t.co/iIc938jY1e. DM us the ticket ID so we can follow up on the case. 3/3",topup,data_loss_recovery,,first_contact,0.92,,negative,en
843989,@DropboxSupport I accidentally unlinked my accounts and now I can't get into that account again. Help please :),"@320674 Hi Nicole, we’re replying to your DM, bear with us!",topup,account_access,,first_contact,0.92,,negative,en
2250117,@DropboxSupport I have lost almost ALL my files - nothing in the folders. I made a movie and had movie files in there. Also training files!,"@655585 ...help, thx! 3/3",topup,data_loss_recovery,,first_contact,0.95,,negative,en
2599365,@DropboxSupport help! Accidentally deleted all files in my account. Can't wait 1-3 days! Support page(s) suggest 3 different actions...,@735881 ...https://t.co/aixbBeAWNx and then let us know your ticket number. We’ll do what we can to expedite. Thanks! 2/2,topup,data_loss_recovery,,first_contact,0.95,,negative,en
2179658,"@638765 @118189 If you want even more fun, download the app for your computer and it syncs everything!  Filling your hard drive, which completes negates the reason for having dropbox.","@638764 Hi there, Dropbox is primarily for syncing files from device to device, so the files would appear on the computer to edit them. You can use Selective Sync to prevent certain folders from appearing on your computer, freeing up space on the machine: https://t.co/IJUzOY8fOR",topup,storage_quota_plan_limits,,first_contact,0.92,,negative,en
2187441,@DropboxSupport your website says support for OS X 10.8.5 will stop on Jan 16th 2018. Mine has logged me out and won't log back in now. What's happening?,"@640564 Hey Nick, can you tell us what exactly is occurring? Are you not able to log in to your Dropbox using our app for your Mac? Feel free to DM for more. Thanks",topup,account_access,,first_contact,0.95,,negative,en
2828917,"@DropboxSupport 
PLEASE HELP Need ti ROLLBACK my files to 11-21-17 No English Support on Chat can not get link to event  Can NOT wait 3 days to email","@787817 Hi there, we’ve just followed up with you and replied to your DM - let us know once you have another update for us. We’ll keep an eye out for your response. Thank you!",topup,data_loss_recovery,,first_contact,0.92,,negative,en
846705,@DropboxSupport Whenever I wanted to look st my pictures now all my photos are gone.,@245274 ...which will be answered directly by our specialist team. Thank you 2/2,topup,data_loss_recovery,,first_contact,0.95,,negative,en
36132,"@DropboxSupport What ticket ID???? You guys, all I want is to get into my old account, change the password so I can update the email - I’ve been given a ticket by no one.","@123860 We completely understand Michelle, and will do our best to help! To submit an official support request on this account-specific matter, you can reach out at https://t.co/JzCu5Ol0GV After doing so, you’ll receive a unique ticket ID associated with your submission. For more... 1/2",topup,account_access,,first_contact,0.95,wants_human,negative,en
1497118,@118189 I want my pictures back. Go in your memory and retrieve them,"@245274 Hi there, this is a sensitive account issue and needs a more complete picture of your account. Therefore, please reach out to our... 1/2",topup,data_loss_recovery,,first_contact,0.92,,negative,en
1057223,So glad I have two factor authentication. Someone just tried to get into my Dropbox. @118189 is there a way to see all attempted logins?,"@369636 ...""Change password"". Hope this helps! 3/3",topup,security_account_compromise,,first_contact,0.95,,neutral,en
1687134,disappointed that @DropboxSupport isn't responding to my request to see how many dropbox plus keys I have saved. Seems like a simple request,"@313070 Hi Michael, apologies for the late response. Bear with us as we are currently replying to your DM. Thanks.",topup,account_access,,first_contact,0.95,,negative,en
750253,"Lol somebody tried to log into my @118189 again, i just changed password yesterday, do you guys getting breaches?","@299332 Hi there, we don't have any security reports at the moment. Do you have 2FA set-up? We would also recommend changing your password! Thx!",topup,security_account_compromise,,first_contact,0.92,,negative,en
869536,@118189 some in Russia logged into my account! any breach updates? https://t.co/u1lDU2koeO,"@326467 ...current activity on your account: https://t.co/PSJvSv6uKT (web sessions, linked devices + apps). Hope this helps! 3/3",topup,security_account_compromise,,first_contact,0.95,,negative,en
