customer_tweet_id,customer_text,brand_text,suggested_intent,suggested_confidence
989345,@118189 I usually have other documents which belong to a text but I can't keep them together if I want to use Paper.,@354394 ...actively working on improving Paper. We’ve recorded this feedback for the team to inform the ongoing development of Paper. 2/2,how_to_usage,0.85
2623839,"Soy sólo yo o @118189 se curo, choco curao y lo remplazaron con el primo feo de provincia?","@741237 Hola Cristián ¿Nos puedes escribir a https://t.co/y7rSTLsgY2? Desde allí, veremos cómo te podemos ayudar. ¡Gracias!",general_feedback_or_other,1.0
810000,@DropboxSupport Has Dropbox Support always been this bad? Still no intelligent answer.,"@312993 Hi there, we’ve replied to your DM regarding the Sync icon in the desktop app!",general_feedback_or_other,0.95
1507042,@DropboxSupport Thank you for your responses. I have messaged you the ticket number received last evening.,"@366039 Hi Kerry, we’ve just replied to your DM - Let us know once you’ve had the chance to review it. Thanks!",followup_ticket_status,0.95
232548,".@118189, with the new #iOS11, I can’t export files to my phone, i.e. edited videos for Instagram. App crashes so used Google Drive.","@171352 Hi Will, are you on iOS 11.0.2, and Dropbox 66.2? Does this happen for any file you export from the Dropbox app?",sync_technical_bug,0.95
1857151,@118189 It would be really useful to see Size within the list view on browser. Especially since you force a lot of actions to the desktop app.,"@555392 Hey Jonathan, keep in mind that you can customize your search by clicking on the “Members” option in the 3rd column - a drop down... 1/2",feature_request,0.95
2766875,Hey @DropboxSupport any truth to this? Seems a bit... fraught. https://t.co/rPH26iCtEr,@773743 ...https://t.co/CyIdkYYnSu. Hope this sheds some light &amp; feel free to DM us here in case you need more details. Wishing you a lovely rest of the day ahead! 2/2,general_feedback_or_other,0.85
2074316,@DropboxSupport That support page doesn’t work properly and forced me to tweet at you in the first place.,"@613466 Hi Morgan, could you try again using a different browser, Incognito/Private Browsing mode and clearing the cache too.",general_feedback_or_other,0.9
2507948,"Can I cancel my membership please, I didn't mean to set it up as I thought it wasn't going to charge me as much as £360 im not going to use the programme to justify the fortune it would cost me, I only got it for a one time use. Help, please!! @118189","@715009 Hi there, you can find info on how to do so here: https://t.co/5VNHDnJbJT. If you face any difficulties, you can always contact our team at https://t.co/iIc938jY1e and they will handle it for you. Feel free to DM us the ticket ID so we can follow up on the case. Thanks!",billing_subscription,0.99
1431447,".@118189 made my day with their ""Smart Sync"" announcement until they added a plan tier and doubled the cost for that feature+chat support. https://t.co/RIyBkVwkmv","@452401 Hey Brenan, the pricing for Dropbox Professional reflects the value we’re adding through new features, like Showcase:... 1/2",billing_subscription,0.95
277385,@118189 I dint even know how to use drop box. I wish you guys offered a better understanding of it,@371564 ...questions! Thx 😄 2/2,how_to_usage,0.95
1191088,@118189 Why must I add space when invited to access a client's files? They're already paying for storage. I don't need to store them too.,@399957 ...and shared folders. They can still share a link to folder though without affecting your quota: https://t.co/EQNBI73LUd 3/3,how_to_usage,0.9
2538839,"@DropboxSupport There are very strange things happening to my Dropbox - see screenshots: deletion of 50073 files 7 hours ago, and then adding 50200 files 12 minutes ago... What is happening here? I certainly did not do this... https://t.co/vBK7KIvn5L","@722068 ...please check out this article on how to recover your files: https://t.co/vKFKDTYeYR and write us at https://t.co/JzCu5Ol0GV if you need additional assistance with a restoration, our team can help you out! 2/2",data_loss_recovery,0.95
2124252,silliest feature in @118189 is that you can't default sort photos by most recent in Camera Uploads https://t.co/1OXsXJWNOq,"@625703 ...try a different browser, clear the cache, and use Incognito mode also. 2/2",feature_request,0.95
1911198,"@DropboxSupport IF THIS IS NOT RESOLVED IMMEDIATELY, I WILL BE CONTACTING THE OMBUDSMAN AND PUBLICIZING THIS.","@569338 Hi Danielle, sounds like the trial converted to an annual Business plan after ending. To avoid this, you could cancel the trial in... 1/3",general_feedback_or_other,0.8
1070780,@DropboxSupport I'm wondering if there's anything I can do to keep using Dropbox once I reach 1TB (which will happen within ~6 months at my current rate).,@372680 ...we’ll add your voice to the feedback of creating individual plans offering more space. Thanks! 3/3,billing_subscription,0.9
717488,@DropboxSupport I need to know if you were able to process our payment. Is there a real person I could speak with?,@291790 ...purchase a Dropbox Plus or Business plan? Does your account show any increased quota from the upgrade? 2/2,billing_subscription,0.95
2919197,@DropboxSupport   We need to restore files from 11/16/2017 due to a virus   Can you help with that?,"@807974 Hi Donna, we've replied to your DM!",data_loss_recovery,1.0
1067529,I was paying $99/year and wht I use the most is Shared Link Controls and now my plan dnt offer anymore... what***** 😡@118189,@371921 ...subscriptions. We won't be downgrading your account! Hope this helps 😀 2/2,billing_subscription,0.95
140762,"@DropboxSupport My account was originally started through the iOS app store.  Now, I have a one year subscription key to use but I cannot use it because my account is still associated with my apple id.  How do I disassociate my dropbox account from my apple id?","@147772 ...https://t.co/5S25XPVahJ

Hope this helps! Have a great weekend ahead! 2/2",billing_subscription,0.9
381221,"@DropboxSupport In email &amp; WhatsApp. Now it requires the removal of security pin, and to “authenticate” the app, then after all it doesn’t allow attachments",@206422 ...to gain access to your files. We’ll pass on your feedback to the dev team. 2/2,sync_technical_bug,0.85
2622322,".@118189 took features away from Plus for shared link management, saying that older accounts are grandfathered. However if you try Pro, you lose it when going back: https://t.co/uWGKIjQQqW","@403751 Hey Alex, this is correct - we’ve adjusted features to better match our users' needs for each plan, and this change only applies to new Plus users, so if you try Professional and revert back, you will be brought to the new Plus plan.",feature_request,0.9
2883178,@116029 Nobody can figure out how to turn my trial account into a paying biz advanced plan. Maybe you can?,@293884 ...during this time. Hope this helps clarify! 🙂 2/2,billing_subscription,0.95
631248,"@118189 you need a more affordable option. £7.99p/m is too much, so I opted for 100gb with Google at £1.79p/m. You must lose so many customers this way. I would have preferred to stay with #Dropbox but not at that price. @DropboxSupport","@269603 Hi Scott, we appreciate your feedback on this matter and will forward your suggestion to our team for the future consideration to improve our services!",billing_subscription,0.95
1860325,@118189 @DropboxSupport I use plus and share link evryday tell me new price is a mistake? willl have to upgrad for thing i have already ? https://t.co/DvDZVFJE8P,"@458925 Hi there, existing Plus users will remain the same for as long as they are customers. We have made adjustments to new purchases, however.",billing_subscription,0.95
2732285,"@DropboxSupport I've spent 50 bucks on this already. Next time this happens, you lose me as a customer","@765887 Hi there, was the Dropbox app in the foreground when doing the upload? Some versions of Android 7.0 or above might stop uploads from happening in the background in order to save battery on the device.",billing_subscription,0.9
653944,I wish @118189 would add smart sync on the basic plan!,"@275543 Thanks for your feedback, Robert - we’ll make sure to forward it to our team 😊",feature_request,1.0
1957928,@580913 @118189 I hope they’re useful!,"@580912 Hey there, if there's anything we can do to help you, feel free to DM us more details &amp; we'll do our best to follow-up, thanks!",general_feedback_or_other,0.95
1497126,is anyone else a little confused with the new @118189 features? I have my personal plus a shared business acct. But the org is weird to me,"@467593 Hi Meredith,what seems to be bothering you? Let us know of any questions you have! Thanks!",how_to_usage,0.85
2043077,@604170 @118189 I have a local folder but it doesn’t always seem to sync. So I wind up manually uploading.,"@605658 @604170 ...https://t.co/7MK9KLNBSy Mark, feel free to follow up with us in more detail regarding this syncing issues with your folder 😊 2/2",sync_technical_bug,0.95
287803,@DropboxSupport How can I manually clear the cache?,"@184591 Hey again, to clear the app’s cache, open up the app and go to the Recents tab » tap on Settings » Scroll down » select Clear Cache. 😊",how_to_usage,0.95
867197,@DropboxSupport I'm trying to move a ton of files from Personal DB to Work DB. Do I have to wait for them to finish sync before i move? https://t.co/q7Bxz06bti,@325912 ...be the best thing to do. Hope this helps! Thanks. 2/2,how_to_usage,0.95
619169,"@DropboxSupport @118189 Getting this error when I am trying to open Dropbox from #Filesapp on iOS 11, please solve my problem. https://t.co/kJJqkG0EP2",@266926 ...to gain access to your files. We’re looking into a solution for this aspect. 2/2,sync_technical_bug,0.95
1262101,"Anyone else finding that @118189 two-factor auth no longer works? Wont accept my authenticator app code.
cc @DropboxSupport","@415635 Hi there, what seems to be the issue? Could you please DM us some detail on it? Thanks!",account_login,0.95
1793437,Hey @DropboxSupport still waiting for some kind of reply to the @ and DM I sent a day ago,"@538948 Hi Greg, bear with us as we are replying to your DM. Thanks!",followup_ticket_status,1.0
2559402,@726520 @118189 Yes I have contacted them. They can’t transfer apparently!!,"@726519 @726520 ...domain), and ask that it is temporarily re-activated. That way, you’ll be able to request a password reset on the Dropbox account, and re-gain access to your account! 2/2",followup_ticket_status,0.85
1492066,"OMG @118189 I love you. Just discovered version history, crisis averted, what an incredible feature.","@466494 Hi Connor, thanks a lot 😀 Take care!",general_feedback_or_other,1.0
869536,@118189 some in Russia logged into my account! any breach updates? https://t.co/u1lDU2koeO,"@326467 ...current activity on your account: https://t.co/PSJvSv6uKT (web sessions, linked devices + apps). Hope this helps! 3/3",account_login,0.95
1960096,@DropboxSupport Is there a way to speak to a human about this?,"@581408 Hi again, we've replied to your DM. Thanks!",followup_ticket_status,0.85
409269,Hey @DropboxSupport- I spent several hours adding comments to pics in a shared file and I'm the only one who can see them. Not helpful.,"@212584 Hi there, we’re sorry to hear about this. Comments are only applied to the previews of files on the Dropbox site:... 1/2",sync_technical_bug,0.9
1493096,"@466726 Do the other cloud companies do this? @118189 , @61624?",@466725 ...a great weekend ahead! 2/2,general_feedback_or_other,0.8
304654,@DropboxSupport Misses the point.  I want to use Dropbox photo upload on two tablets each has same photos but can’t stop them both uploading all my photos,@188739 ...You can manually upload what you want from the one that has the feature turned off. Hope this helps! 2/2,how_to_usage,0.9
185553,"@118189  @DropboxSupport ??? (or probably @116029, I have a business account) https://t.co/DkqPGTAhqJ","@159642 @118189 @116029 Hey there, we have a feature called Selective Sync https://t.co/5KHDzhI4TU by which you can choose which of your folders to have sync... 1/3",general_feedback_or_other,0.7
2308745,@DropboxSupport it has now been over 12 hrs with no answer to the last correspondence on my High Priority ticket. Can you help?!,"@552856 Hi there, bear with us as we are replying to your DM. Thanks!",followup_ticket_status,0.99
2365760,@DropboxSupport How do I pay with debit card?,"@682954 Hi there, bear with us as we're replying to your DM. Thanks!",billing_subscription,0.95
2370639,@DropboxSupport Is search down? All my queries are returning zero results.,"@684054 Hi Tony, everything looks good here. Have you tried switching browsers and/or clearing your current one's cache(https://t.co/TfJBHx0jLr)? Let us know! Thanks!",sync_technical_bug,0.95
1263561,@DropboxSupport Allright i got it! Thanks!,"@415919 Awesome, no worries, happy to help 😊 If there's anything else you need, please don't hesitate tweet us again. Take care!",general_feedback_or_other,1.0
1821633,@118189 this is not a good time to go down!!!! https://t.co/bTB9KAbihv,"@546869 Hey Albert, all should be up and running now. Apologies for the inconvenience &amp; please let us know if you're still having any issues, thx!",sync_technical_bug,0.85
1861653,"@116029 how I do change a member's name? Email address is the same, but name is different now.","@261950 Hi Lauren, sorry for the delay. In future please message our @DropboxSupport handle for a quicker response. Team Admins can only... 1/2",how_to_usage,0.95
1407882,"@DropboxSupport I am only using 15% of my 1TB Dropbox, so I should have space. But I managed to add it to my Dropbox. Just a weird experience.","@124243 Hey there, we’re glad you worked this out. If you experience any further issues, please let us know. Thanks!",general_feedback_or_other,0.85
1040838,@118189 can you please integrate  instant messaging capability's.,"@366205 Hi Mike, are you referring to messaging users directly using the Dropbox app?",feature_request,0.95
2243332,"@DropboxSupport any idea why I see this error every time I launch Dropbox on my Mac? (All current OS, app). https://t.co/5HQxFOooah","@514656 Hey Raymond, what version of Mac OS are you on? OS X Mavericks (10.9) or above is required. Has this just started occurring? Has there been a recent update or other change to your system? Feel free to DM us with more. Thanks!",sync_technical_bug,1.0
3485,"@DropboxSupport hi, when I follow the link, dropbox asks me to log in with my biz account. I want to apply it to my personal account","@116535 Hi again, do you have two emails, a work and personal account, and are they linked? Are you able to login to your personal account first?",account_login,0.9
1956199,"Since recent iOS update to @118189 app, the photo/video auto upload is very selective on what it will upload (1 photo out of 10?)","@580558 Hey David, could you let us know if you've downloaded 11.0.3 on your iOS device &amp; whether you're running the Dropbox version 70.2.2? Thanks!",sync_technical_bug,0.95
696281,When will @118189 @DropboxSupport fix the issues with Mac OS High Sierra pls.  v 36.4.22 is not fixing the problem https://t.co/sbbO1Wzt4i,@266093 ...follow-up with you there. 2/2,sync_technical_bug,0.95
240316,"@DropboxSupport but I'll send them an invite, &amp; we'll see how we go. If we get completely stuck, I'll send a help request to you. Thanks again.","@173079 No problem, please let us know if you need any assistance!",general_feedback_or_other,0.95
2172980,"@133368 No no, NOT a phish. This is a legit email from @118189.","@637218 Hi there, we’d like to look into this matter further, could you please write to us at https://t.co/y7rSTLsgY2.

You should get an automated email with the 7 digit ticket ID, please could you DM that to us in order to locate it in our system? Thanks!",general_feedback_or_other,0.9
1144703,@118189 You are charging me for plus when I only have basic. Why?,"@377389 ...to look it up internally, thanks! 2/2",billing_subscription,0.99
1744647,@DropboxSupport how do I see the file size of a file in the web view? where has this feature gone?,"@33223 Hi Tom, you should be able to do so if you “Sort by size” at the top, when in the “Files” tab. Hope this helps!",how_to_usage,0.95
1041980,"Patiently waiting for Smart Sync, Not on Plus? Business big and expensive for my needs. Is there hope for the future? @DropboxSupport #sync",@366401 ...Thanks for the feedback though. Our dev team will definitely be updated. 2/2,feature_request,0.9
240315,"@DropboxSupport I want to InviteAFriend. But she only has an iPad, no desktop computer. Can she sign up &amp; install Dropbox entirely via iPad?",@173079 ...be happy to help you out with the space 😊 3/3,how_to_usage,0.95
2222820,"@DropboxSupport Hi guys, I am getting notifications from my work account on my home computer. How can I unlink their account from home? __email__",@649143 ...here in case you need further assistance &amp; we’ll do our best to promptly follow-up with you! 2/2,how_to_usage,0.95
2187473,@DropboxSupport All good. That workaround has seemed to work. The deletions have cleared plenty of space.,"@265231 Hey, that’s great! Thanks for confirming. Have a great weekend 😎",general_feedback_or_other,0.95
1600554,Hey @118189 interested in sharing these @237632 surveys about gender equality in #atx #tech with your employees? https://t.co/ZXHhCrfLNU,@491430 @237632 Thanks! Sent to our team in #atx :),general_feedback_or_other,1.0
1833470,@118189 we have highly important files we are sharing and next thing we cant login 😡😡😡😡 https://t.co/9YtlRhdLmv,"@550005 Hi there, the Dropbox website was experiencing a temporary issue on Saturday, which has been fixed. Apologies for the inconvenience!",account_login,0.95
700685,"@DropboxSupport Same on Safari. “Download” button renders, then shifts left as the rest of the page loads. Might be the “comments” box that does it.","@287232 Hey Mason, we’d like to get a look at this. Would you mind raising a support ticket here https://t.co/aixbBeAWNx, and including a screencast of the behavior you’re experiencing? To create a screencast recording your issue, use QuickTime Player 10.x. You can download this... 1/2",sync_technical_bug,0.95
2061111,"@DropboxSupport Hi, I checked with a friend and it seems we are pointing to the DB API V1 which is deprecated, we’ll update the config and should be ok! thx","@609585 Hey Julien, thanks for keeping us updated here. Should you need further assistance, please write us: https://t.co/Necx3xtPlq, cheers!",sync_technical_bug,0.9
2828925,@DropboxSupport dropbox camera-uploads keeps on searching for a picture that is meanwhile deleted. Hoe dan I clear this? #iphone8plus,"@787820 Hey Ellen, thanks for checking in with us about this! Could you try performing a quick uninstall and reinstall of the app? Let us know once you have an update on this. Thanks and happy Monday!",sync_technical_bug,0.95
1419269,🙃 Loving it @DropboxSupport https://t.co/UqYZeLf1vT,"@449911 Hi there, our engineers were working on this problem and resolved it. All services and functionality should be fully restored.",general_feedback_or_other,0.95
2022665,"@DropboxSupport Hey! 1:copy link for file A, 2:drag file B to public folder, 3:copy link for file B and you’ll get a link shows B’s name but actually file A","@598211 ...outside the Dropbox folder, or does it only occur within? Thanks in advance! 2/2",sync_technical_bug,0.95
1793435,@118189 Is there any problem with de aplication?? I can't go inside in may acount...,"@538947 Hey Ane, there was a disruption on Saturday, which has now been resolved. If you're still having issues, please let us know. Take care!",account_login,0.95
1856501,"@DropboxSupport It is working since couple of days now, seems like someone fixed it","@555255 That’s perfect, so glad to hear Ilya! 😃 Happy syncing &amp; a great rest of the day ahead!",general_feedback_or_other,0.95
834281,@DropboxSupport @318678 11.0.3 now ...,"@258649 @318678 Hey again, you’re right! 11.0.3. What issues are you having with our app?",sync_technical_bug,0.85
98975,@DropboxSupport Here is what I see: https://t.co/40Z18xgcQQ Do you see how one might get confused?,@137672 ...at https://t.co/iIc938jY1e and they will handle it for you. DM us the ticket ID if you want so as to follow up! Thanks! 2/2,general_feedback_or_other,0.8
1322419,"@DropboxSupport on Windows 10, is there a way to add a keyboard shortcut to open a specific Dropbox folder in Windows Explorer?","@428633 ...look here, it might help: https://t.co/Ex3XfA4kiv. Thanks! 3/3",how_to_usage,0.95
2187421,"@118189 hi, if I upgrade my Dropbox from the basic will it affect the files structure within It?","@640558 Hi Robert, nothing in your file structure will change. However, if you upgrade to Business, you’ll get a new Team Folder in the account, and the local folder on your computer will be renamed to Dropbox (MyNewTeamName) - https://t.co/MohcFlotDM",how_to_usage,0.95
2055860,@DropboxSupport All good now. Looks like it was just a capacity issue on your end. Thanks for getting back to me.,"@607991 Perfect, so glad to hear this was sorted Gary! 😃 Happy syncing &amp; a great rest of the day ahead!",general_feedback_or_other,1.0
1143071,@DropboxSupport ..so that they are inaccessible by the person I'm sharing the folder with. How do I do this? Thanks!,@389045 ...subfolders and files within. You can move the files out of the shared folder to prevent the user from seeing them. 2/2,how_to_usage,0.98
615106,"I have done that twice, and unlinked the app.  NO difference, still simply says “connecting” https://t.co/Fr4v7DivN4",@266093 ...assured that they'll do their best to help you reach a resolution. Thanks for bearing with us! 2/2,sync_technical_bug,0.98
192913,"@DropboxSupport Yes , many friends did it, many not yet. For example, I received notifications of all process completed 09/29/17. Too early to receive it?","@161349 Hi again, in order for us to check on our side about the referral status, please write to us at https://t.co/y7rSTLsgY2",how_to_usage,0.7
1050474,"@DropboxSupport @368258 @118189 green = all good, red = something wrong, yellow or blue = syncing. no icon = disconnected. skype has it, discord has it, network icon has it",@368257 @368258 @118189 ...We'll definitely forward your feedback to our dev team though. Thanks for sharing. 2/2,feature_request,0.95
1907324,@DropboxSupport Don't know the protocol-can I just tweet a question to support?,"@568277 Hi there, if you have a general question then you can tweet us. If it’s related to billing or account details, submit a ticket on our site.",how_to_usage,0.9
1166316,@DropboxSupport Beware. Credit card charges forced. Very complicated to cancel. No telephone customer service.Thought DropBox reputable.,@394345 ...we can locate and review? Thanks in advance! 2/2,billing_subscription,0.95
2501339,"@DropboxSupport Karl Norgren
 I have a PDF that was opened in DropBox on an iPad; signed and I cannot seem to close or save it and get back to dropbox","@713544 Hi Karl, are you running the latest version of the Dropbox app? Otherwise, try rebooting your device to see if this helps and let us know how it goes.",sync_technical_bug,0.9
1862692,"@118189 I mean, how hard can it be to let me top the damn thing up? Let me kuku mark you people as spam, since we want to be playing.","@322857 ...of 1TB, and our Business plans start at 2TB + then increase. We’ll be happy to forward your feedback to our team, thanks! 2/2",general_feedback_or_other,0.85
2501346,@DropboxSupport Your Showcase looks really interesting. Do you offer a trial? Don't want to commit before I've tested it 😉,@713546 ...https://t.co/VCZtW1hC6l. Hope this helps! 2/2,billing_subscription,0.85
277388,@118189 Love u!,@371915 💙💙💙,general_feedback_or_other,1.0
2331247,@118189 Surprised to see this. It fails accessibility and your users #brand #accessibility #UserExperience #design #Principles https://t.co/ty8jj8au9y,"@674865 Hey James, we've worked on your report, and it appears that the wrong banner was displayed on our end. It should be fixed soon - thanks again for flagging 🏁 and Happy Monday 😊",general_feedback_or_other,0.8
1259464,@DropboxSupport Hi there - Is it possible to backup my external HD to my dropbox?,"@415087 ...mind that folders cannot be transferred in this manner, and the following limitations: https://t.co/CpH7jDDzYt 2/2",how_to_usage,0.95
1433150,Is there any plan to integrate @59710 into the new @118189 Showcase feature? Would love to showcase live design files 🤞🏻,"@389414 ...details, so as to follow-up with you &amp; send over more tips! 2/2",feature_request,0.95
1966233,@DropboxSupport how do I move photos into a folder with the web browser? Need to share with a client asap and can't figure it out. Thanks!,"@582751 Hi Anastasia, here are the steps to move files: 
-Click to the left of a folder or file to highlight the content
-Click ‘Move…’ from... 1/3",how_to_usage,0.95
832069,@DropboxSupport It is impossible to cancel a business subscription via your site - also cannot send ticket.  Go in circles. I WANT A REFUND,@318172 ...Thanks in advance! 3/3,billing_subscription,0.95
2766867,@DropboxSupport Having trouble with the app on iPhone X https://t.co/8S4K7IXfDo,"@555292 Hi Pablo, this is something that has to be reviewed by our team at https://t.co/iIc938jY1e as it needs a more complete picture of your account. When you email them, please DM us the ticket ID so we can find your case and follow up. Thanks and have a nice day!",sync_technical_bug,0.95
880682,@DropboxSupport I updated Mac OS and no longer have a right click option to copy Dropbox URL from Finder. Is that gone forever? 😭,@329111 ...latest stable build (36.4.22)? Thanks in advance! 2/2,sync_technical_bug,0.9
2836769,Great service by #Dropbox @DropboxSupport https://t.co/lSt5GzcFZu,@789570 ...covers common causes + how to resolve: https://t.co/KQtmmJC6S3 Hope it helps you out! 2/2,general_feedback_or_other,1.0
266806,@DropboxSupport okay thank you,"@179575 Hi again, is your issue resolved now? We haven’t received any message since then!",general_feedback_or_other,1.0
1030221,"How is your day going? Yes, I use @118189 but it show NO earlier versions after Word shut down the works! #authorlife  #computerhate 🖥⌨️😡 https://t.co/mysdKiJ9iU",@363752 ...working on your device or the website? 2/2,data_loss_recovery,0.9
940696,@DropboxSupport Is there a way to make each of my devices auto upload photos into different Dropbox folders to avoid making a mess?,@343000 ...we'll pass the feedback along to our dev team. 3/3,how_to_usage,0.95
1827457,@DropboxSupport can I remove Dropbox from my iPhone without losing my photos from all sites?,@548469 ...your files in any way - all photos will still be accessible online via the website + through any other connected devices. 😊 2/2,how_to_usage,0.95
1494085,@61657 @118189 /Using more than one service/.,@466939 @61657 ...follow up on the case? Thanks! 3/3,general_feedback_or_other,0.85
1104638,@DropboxSupport I have a MAC book pro and trying to make room on hard drive.. there is no Preferences in the gear box. want to unsync,@380668 ...thanks! 3/3,how_to_usage,0.9
2218352,"Hi, we are having technical issues with Dropbox Business. My admin console is completely gone along with all of our folders and documents.I have sent several emails and tried the chat but no response! @DropboxSupport","@648068 Hey Tiffany, we're here to check the case &amp; assist you in any way we can. We've reached back out to you on your message asking more details. Please check your inbox for our latest message, we're looking forward to hearing back from you there!",data_loss_recovery,0.9
2119021,@DropboxSupport One more thing. The application folder’s icon is different from the other application folders. Its icon is the same of a normal folder. But this has always been like this. The problem has appeared for a few weeks. Since then all worked ok.,"@624474 Hi again, this sounds like something that needs to be investigated by our team at https://t.co/iIc938jY1e. Can you please reach out to them and DM us the ticket ID, once you have one, so as to follow up on the case? Thanks in advance!",sync_technical_bug,0.9
948826,@118189 @DropboxSupport any service available today please??,"@345017 Hi there, we've replied to your DM!",sync_technical_bug,0.85
2092449,"@DropboxSupport Hi, can't access my files after cancelling Trial Business Upgrade. These were files I had up for years before upgrading.","@618352 Hi Michael, did you move the files into a team folder? Are they visible on the Dropbox site? Please let us know more details!",data_loss_recovery,0.95
1515512,@DropboxSupport And I can’t send the email without event link.,"@471622 Hey Marcos, when submitting a ticket, choose Get Help With Other Issue, so you don’t have to input the event link. Thanks!",how_to_usage,0.85
1041971,@DropboxSupport @45539 It’s not normal for a journalist or writer to purchase a product or service for review. And not normal for companies to suggest it.,"@60163 @45539 Hi again Ian, we've contacted our media team to clarify this matter and they'll follow up directly with you!",general_feedback_or_other,0.9
1858626,"Before you get too excited, the new 1 user Pro plan @118189 still does not offer OCR like the biz plans that require 3 paying users.","@117796 Hi Chris, even though OCR isn’t currently available on Professional, we’ll be happy to forward your feedback on this to our team. Thanks!",feature_request,0.95
2885828,"@DropboxSupport Dropbox overlay icons not shows, tried all that is told on the instructions, quit, unlink, reinstall, starts at login, relaunch finder, and still nothing. What should I do? Using Mac.","@800403 Hi there, this sounds like something that needs to be investigated by our team at https://t.co/iIc938jY1e because it needs a more complete picture of your account. Please contact them and send us the ticket ID so we can follow up on the case. Thanks and have a great week!",sync_technical_bug,0.95
495657,Hi @DropboxSupport you keep saying the my dropbox is almost full and it wont now sync - however it has almost 2GB left - why is this please? Bizarre,"@233216 Hey Lee, how are you receiving our notification about your account being almost full? Emails, desktop notifications, or when logged in to your account online? Also, can you tell us what type of Dropbox account you have? Thanks in advance!",sync_technical_bug,0.95
158423,"@DropboxSupport is there a phone number i can call to discuss my issue/problem? basically, i want to move my local dropbox folder location to another external drive, but concerned about how it will impact sync'ing to cloud. I don't want to have to re-upload all files","@152424 Hey Scott, although we recommend against using external drives, you can use our app to safely move your Dropbox folder. Take a look at this https://t.co/jiGbKG4kSG, and let us know if you have any further questions. Have a great weekend 🙂",how_to_usage,0.95
1855812,"@118189 Business account got deleted. It now only shows I have a personal with no space, yet I have an invoice every month for money they have taken","@555119 Hey Cameron, is this an ongoing matter? Have you been in touch with our Support team regarding the status of your account? As this is... 1/2",account_login,0.85
2732284,"@DropboxSupport No it was exactly the other way round. Since a few weeks, sometimes the notification that files are uploaded is there, and sometimes it's not. Plus, I don't really understand why the upload is continued if the device leaves WiFi :/",@765887 ...chance you had enabled the option to update Camera Uploads on “WiFi or data plan”? Feel free to DM us more details here &amp; we’ll do our best to help you clarify! 2/2,sync_technical_bug,0.95
1979876,@DropboxSupport things are acting up on Firefox on the Mac when asked to join shared folder. Changing window does not help https://t.co/g95QpQdBgm,"@181805 Hey Mark, try a private window, go directly to https://t.co/mYtkfqU20R, then Files, then Sharing. Please try the above in a different... 1/2",sync_technical_bug,0.95
1439678,"@DropboxSupport I'm trying to open a shared file, but the information I need is hiding behind a menu side banner. I've tried 2 browsers.  What am I doing wrong? https://t.co/jhVhuvwuUS","@454100 Hi Claire, have you tried a different browser and/or an incognito window? DM us details. Thanks!",how_to_usage,0.9
409272,@DropboxSupport Gotcha. So we’re expected to pay 2x for each GB and 4x if we wanted to share with our kids? That seems terribly unfriendly.,"@212585 Hi again, we understand how you feel. This shared folder policy exists to prevent people from giving themselves unlimited space by... 1/2",billing_subscription,0.95
1836999,@DropboxSupport I want to move all my photos out of Dropbox to my hard drive but at 2gb at mo. Why can't I move pics?,"@550766 Hey Yvonne, you could either copy+paste them or move them on your device. Feel free to DM us more details, so as to send over more tips!",how_to_usage,0.9
2787149,@DropboxSupport I’ve upgraded numerous times with no resolution to my storage problem please get back to me ASAP,"@778091 Hi Matt, we've replied to your DM!",billing_subscription,0.9
631224,"Hey @116029, where in your phone tree do I go to get a live human? Lots of dead ends and ""we are unable to answer your call at this time.""","@269597 ...and Professional users can chat with us, and all users can reach out through our Help page, at: https://t.co/JzCu5Ol0GV - we’ll be happy to help! 2/2",general_feedback_or_other,0.9
74467,@DropboxSupport \name of the file\DSC_0015.JPG. This is extremely frustrating and a big waste of time.,@132674 ...as to check the case together. Looking forward to hearing back from you! 2/2,sync_technical_bug,0.9
1032705,@DropboxSupport how I can open a file shared w/me to my business account (w/restriction) but My Dropbox account is w/the personal account?,"@364351 ...personal account. If this isn’t possible, please let us know more details! 2/2",how_to_usage,0.95
2092358,"@DropboxSupport Hi,Uploading heic files with conversion to jpg does not work on ios.It keeps uploading forever theprogress bar doesnot move","@246874 Hey James, looks like this needs to be investigated by our team at https://t.co/JzCu5Ol0GV. Can you please reach out to them? DM us... 1/2",sync_technical_bug,0.98
1065472,@DropboxSupport Thank you,"@371564 No worries Robert, happy to answer any additional questions you may have, and have a great rest of your day!",general_feedback_or_other,1.0
1965970,@DropboxSupport had 2 use flash drive for files. Seems this is ongoing problem from earlier this year.,"@582715 Hi again, looks like this needs to be investigated by our team at https://t.co/iIc938jY1e. Can you let them know and DM us the ticket... 1/2",sync_technical_bug,0.85
1529763,@DropboxSupport Haven’t received two factor codes for either my personal or business accounts. Been waiting all morning.,"@474783 Hey Liam, we've sent over more info on your message. Please have a look at your inbox our latest reply. Cheers!",account_login,0.95
1040022,@118189 If only there was a secure online storage provider where they could keep the content from paper. 🤔,"@366051 Hi there, are you dragging images into Paper directly from your computer? Are you using a direct URL from the web? Let us know more!",general_feedback_or_other,0.9
1067535,@DropboxSupport @371923 Did y'all think about how colorblind users might respond to a difference in white vs. gray? That seems terrible. Appreciate the reply.,"@371924 @371923 Hi again, we appreciate you sharing this and we’ll be sure to add your voice to the received feedback on this update. Thank you! ✉",feature_request,0.95
1833758,@DropboxSupport I have a folder on my desktop (Scrivener) that is not syncing to the server. Please advise.,"@550076 Hey there, is the Scrivener folder located inside your Dropbox folder? If so, does the Dropbox desktop app appear to be up-to-date... 1/2",sync_technical_bug,0.98
1966404,"@1186 @283271 @118189 Does work offline yet? Tbh I'm rarely offline, but I'd love it to sync offline changes / images when I am offline.",@207740 ...https://t.co/cL2WQlQaXi. Cheers! 2/2,feature_request,0.95
2124283,@DropboxSupport -- Someone has launched a Dropbox phishing expedition. Just received this email. https://t.co/EosdQo2NXU,@625709 ...that our specialized team makes sure to investigate further? Thanks! 2/2,general_feedback_or_other,0.9
1858644,"@118189 

the moves @118189 is making around documents with Paper and Showcase are pretty interesting",@555744 Glad to hear your interest and positive comments! We’re here to answer any questions you might have and feel free to share your thoughts 😊,general_feedback_or_other,1.0
1859417,"@DropboxSupport you need ignore patterns, selective sync isn't enough, like exclude /folder/*/ignored, and ignore it BEFORE sync occurs","@555924 Hey there, thanks for sharing your thoughts here, we’ll make sure to pass your feedback along to the dev team for future consideration!",feature_request,0.95
2092374,@118189 @DropboxSupport I’m listening to an audio book file and the narrator is a slow reader. Can I increase the playback speed bc Idk how,"@618328 Hi there, can you please let us know of the audio book's file-type so we can assist you the best way possible? Thanks in advance.",how_to_usage,1.0
1040857,"Would be great if @118189 Paper sent email updates with plain text, and not HTML only.","@366210 Hey Matt, thanks for posting your request here, we’ll make sure to pass your comments up the ladder for future consideration. Cheers! 😊",feature_request,1.0
2119007,"@DropboxSupport Well that’s a real pain that. It means I have a lot more clicking to do than before. It breaks my workflow now. I’d like selective sync to use the default settings, too. Or perhaps a separate setting, as this default behaviour can mess with other programs.","@624470 Hi again, we can suggest this to our dev team for potential improvements to the Dropbox desktop application in future.",feature_request,0.95
238787,"@DropboxSupport Yesterday’s update did improve it. I still had to restart Dropbox to access the new photos after they were loaded, but it was a quick fix.",@172796 Thanks for the update 👌🏼 Keep us posted if you have any future updates on this + new app v. releases are always improving functionality!,sync_technical_bug,0.85
891375,@DropboxSupport Sweet. Thanks! Loving the paper btw.,@331659 You are very welcome 😀,general_feedback_or_other,1.0
1076125,@DropboxSupport any chance of smart sync being extended to plus accounts? hard drive sizes are shrinking out here.,"@373917 Hey there, have a look at our new Professional plan here https://t.co/TfJBHx0jLr 😉. Cheers!",feature_request,1.0
988425,"@DropboxSupport Hey guys.  On android Auto-Sync will stop syncing..  I need to go into settings and turn it off, then back on to re-enable.",@354185 ...actively working to make this better. 3/3,sync_technical_bug,0.95
2124237,"Hey @118189, stop using IP addresses with no host records. Littlesnitch has to ask me permission to allow Dropbox to connect every time 😒","@625701 Hi Gary, could you send us more details about this in a DM so we can investigate? Thanks!",sync_technical_bug,0.9
1419311,@DropboxSupport I am not able to view my account details nor my file. i am gettign error 500,"@449925 Hi there, our engineers were working on this problem and it was fixed. All services and functionality should be fully restored.",sync_technical_bug,0.95
847926,@118189 disappointed this is not available on plus plan ……….,"@559450 ...adding through new features, like Showcase: https://t.co/vcuah3zoKb We appreciate you sharing your thoughts on this and will be... 2/3",feature_request,0.95
1104231,@DropboxSupport hey im in need of some help for my business account.  i believe i was mislead and overcharged on this months billing cycle,"@380588 ...www.dropbox.com/support + DM us your ticket ID, so we can follow up with you from there? Thanks in advance! 2/2",billing_subscription,0.95
2732312,@DropboxSupport I'm trying to upload .rars to dropbox for my auto updating program but I still get errors! Link to the broken download link: https://t.co/ViK6LhuQrN https://t.co/GLxPcFx322,"@325980 Hi there, this is most likely related to your traffic limit on your account. More details about this can be found here: https://t.co/zTidNeR9nK. If you’re still experiencing issues, please write to us at https://t.co/eyrOCZqRz5 and DM us the ticket ID!",sync_technical_bug,0.95
2554646,"@725453 Thank you, I appreciate that. I’m struggling with the @118189 and @269607 app again, still, so coffee makes more sense thank you!","@625702 @725453 @269607 Hey Kim, could you get back to us with a little more detail on how you’re saving your Scrivener files to Dropbox, as well as a screenshot (omitting personal info) of what the saved files are looking like, so we can get a better understanding? Thanks in advance!",sync_technical_bug,0.85
1244147,@DropboxSupport Thanks! I can login with other credentials but not mine! https://t.co/hRtssJdGPb,@411887 ...different browser 😉 Thanks! 3/3,account_login,0.95
1838294,@DropboxSupport I've found a another way. Thanks,"@394346 Hi there, apologies for the late reply. Glad to hear your issue has been resolved. Could you please DM us some details on what... 1/2",general_feedback_or_other,1.0
1497113,The @118189 process of downgrading my account was....tedious 🤔,@467591 ...dept. Thanks again and have a great weekend! 2/2,billing_subscription,0.95
277411,@182265 @182266 @118189 وفيه سكانر عالي الدقه bonus اضافه للي قلته,"@182264 @182265 @182266 Hey Ahmed, if there's anything we can do to help you, feel free to DM us more details &amp; we'll do our best to follow-up, thanks!",general_feedback_or_other,0.85
1331537,@DropboxSupport Yes background uploading is on,@296469 ...and the Camera Uploads settings in the Dropbox app? 2/2,sync_technical_bug,0.85
37940,WTF @dropboxsupport? What am I supposed to do with this hidden menu? I can't access my shared folder! https://t.co/hQJPkd7Pjv,@124243 ...given the wording used in the screenshot. 2/2,sync_technical_bug,0.9
1992887,"@118189 Which is why they are hiding the “actual” pricing with their new rebrand.

Business Pricing has a 500 error.

https://t.co/ObgovqErJv","@127861 Hi David, everything looks good here. Are you still seeing the same error? Have you tried a different browser? Let us know! Thanks.",sync_technical_bug,0.9
2828897,@DropboxSupport @118189 contrata paquete por $12.5 le cobran $750?? @108538 https://t.co/zb9FgdmU4z,"@787811 @118189 @108538 Hi Yvan, as we are not able to access the link you have sent for security reasons. Do you have any billing related questions for our Plans? It seems that you may have been billed for an annual subscription and not a monthly subscription. Can you please clarify? Thanks in advance!",billing_subscription,0.95
786084,Dear @118189 @DropboxSupport please fix your iOS app ‘background upload and location service option” not working cuz there isn’t any. https://t.co/5O3kDZRbUK,"@307530 Hey Roy, could you let us know if you've downloaded 11.0.2 on your iOS device &amp; whether you're running the Dropbox version 66.2.8? Thanks!",sync_technical_bug,0.95
924339,"@236301 @118189 Just noticed a new incentive is to offer a feature that used to come with the ""Plus account. What's this about @118189? https://t.co/QmbojTOJ7g",@339358 @236301 ...Plus users. Hope this helps clarify! 3/3,feature_request,0.85
2739301,@DropboxSupport Different browsers ✅ Logging out &amp; back in ✅  Refreshing browser ✅ Do files delete? No #NotImpressed,"@767500 Hey there, we’d like to have a closer look, as we’ll need to check this particular case &amp; advise. To further investigate &amp; assist please write us: https://t.co/6gPtR8GzbX and DM us your ticket ID, so as to look it up internally and make sure a colleague gets on it soon. Thanks!",sync_technical_bug,0.85
1492044,"I would love to have a dark mode option in @118189 Paper, hope it's a planned thing.","@466489 Hi Boyan, interesting idea! Definitely going to be forwarded to our dev team! Thanks for sharing!",feature_request,1.0
641307,"@DropboxSupport 
Hey

I am trying to change the email address of my dropbox account.
A message appears: ""too many attempts please try again later"".
I have this message since 2 days (while I have not done new tests during these 2 days).

Can I get some help from Dropbox support?","@272182 Hi Yohann, as this is related to sensitive account details, we’d recommend that you please write to us at https://t.co/y7rSTLsgY2. You should get an automated email with the 7 digit ticket ID, please could you DM that to us in order to locate it in our system? Thanks!",account_login,0.9
1070763,@DropboxSupport  I can't access my dropbox account.  When I log in it only brings me to my business account.  Help?,"@372676 ...the option at the bottom that says ""Convert to individual Dropbox Basic account instead"". Hope this helps 😊 3/3",account_login,0.95
1158828,@DropboxSupport I purchased Dropbox Plus a month ago but am now getting error message that files can't sink because dropbox is full. Help??,@392594 ...you mind writing us at https://t.co/JzCu5Ol0GV + DMing us once you have? Thanks! 2/2,sync_technical_bug,0.95
2778531,"@DropboxSupport Seeing multiple malwarebytes ""website blocked"" ""malicious website"" protection events, type outbound, File: C:\Program Files (x86)\Dropbox\Client\Dropbox.exe . A known problem? Suggested fix?","@776223 Hi Pete, we’ve not experienced any issues with this matter. Try reinstalling the Dropbox app using this link: https://t.co/RzxNp1quyj and let us know how it goes.",sync_technical_bug,0.95
2867534,@DropboxSupport Day 3 of the sync... still indexing. Can you fix it? https://t.co/qLfKFU0Lwa,"@625687 Hey Simon, we’d like to have a closer look, as you’ve mentioned that this is a persistent behavior. To further investigate &amp; assist please write us: https://t.co/6gPtR8GzbX and DM us your ticket ID, so as to look it up internally and make sure a colleague gets on it soon. Thanks!",sync_technical_bug,0.98
1672356,"@DropboxSupport I deleted all my files roughly 14,000 files from dropbox yesterday.  Is it possible for me to restore all at one time?","@508990 ...further assistance, cheers! 2/2",data_loss_recovery,0.99
1050499,"Hey @DropboxSupport I also have troubles with Japanese input and MS Word on Mac when dropbox is running. Very annoying, please fix","@368260 Hi Andrea, could you please DM us a little more info on what is exactly happening so we can further investigate? Thanks in advance!",sync_technical_bug,0.95
2936510,"@DropboxSupport @811797 @118189 Yes, it works in Safari. So either Chrome is broken or there is a cross-browser compatibility bug in Dropbox.","@799876 @811797 @118189 Thanks for getting back to us with that, Clay. We’ll let our team know about this Chrome issue. Cheers",sync_technical_bug,0.95
1205973,@118189 I CANCELLED MY ACCOUNT AND YOU CHARGED MY CARD.  FIX IT!,@394807 ...as to follow up on the case. Thanks! 2/2,billing_subscription,1.0
1855176,@554993 @118189 Am i losing anything as a (until now) 99$ subscriber?,"@554992 Hey there, no need to worry - your current subscription will not be affected, and each automatic renewal will keep you on the same... 1/2",billing_subscription,0.9
1894976,@DropboxSupport Why is U2F support limited to Chrome? Firefox currently supports U2F with an addon or natively in Firefox 57.,"@564839 Hi Nathan, while our U2F support is currently only in Chrome, we’ll pass on your feedback to our dev team for their consideration!",feature_request,0.95
1948549,"@118189 ""Dropbox, you fixed what wasn't broken. Now it's broken.""

#BringBackTheGreenTick","@578925 Hey Richard, the newest stable version no longer has the green ✔️, so as to provide a more consistent experience of the Dropbox icon... 1/3",general_feedback_or_other,0.85
1070768,@DropboxSupport it's a shame you have removed the green tick and did so before telling me,@372677 ...www.dropbox.com/help/desktop-web/sync-icons#desktop 3/3,feature_request,0.85
2801353,@DropboxSupport Hi. I tried changing my billing information as I moved countries from South Africa to the UK. I no longer receive funds to the existing bank account associated with my Dropbox account. However when I try to change it says 'Country not supported'. Please help!,"@781489 Hey Rowan, thanks for sharing this with us - We actually have a work around, could you please DM us for more detail? Thanks in advance! 😊",billing_subscription,0.95
1288746,@DropboxSupport Same thing. No Home. Just Recents.,"@421415 ...www.dropbox.com/support so we can investigate and follow up with you from there, in order to get this sorted? 🙂 2/2",sync_technical_bug,0.9
2187482,@DropboxSupport Encontre el twitter ahi porque no me dejaba mandar un mail,"@640575 Hi, you can email our support team directly at __email__. Have a great weekend 😎",general_feedback_or_other,0.8
868434,@326196 @118189 I love dropbox... But struggling to share access to files from my dropbox- the IT depts of my customers refuse file sharing from dropbox :(,"@326195 Hi Audrey, depending on their IT settings, perhaps forcing the file to download would help? https://t.co/qU7EdzR3S8",general_feedback_or_other,0.8
615215,@118189 why did you remove the green check that signs everything is alright and I'm connected to the dropbox cloud?,@266124 ...provides a more consistent experience of the Dropbox icon between different operating systems: https://t.co/qibJNyakqa 2/2,sync_technical_bug,0.9
2071035,@dropboxsupport I have background uploading &amp; location turned on. Bkgrnd upld keeps turning itself off! Any help?,"@532531 Hey Laren, could you let us know if you've downloaded 11.0.2 on your iOS device &amp; whether you're running the Dropbox version 66.2.8? Thanks!",sync_technical_bug,0.95
1869595,#dropbox @DropboxSupport Sophos Endpoint does not trust your download :( https://t.co/eZ7tcUkZsY,"@558412 Hi Philip, that's unfortunate. Thanks for letting us know. Can you please also let us know which OS are you using? Mac/Windows/Linux?... 1/2",sync_technical_bug,0.95
2124286,"@DropboxSupport guys, if you cut my Dropbox Business service after i ask for a refund, you should at least give me said refund...","@625710 Hey Scott, to further look into the matter with you &amp; check this particular case, could you DM us a ticket ID to reference? Thanks!",billing_subscription,0.95
1791096,@118189 Senin yuzune ne olmus? https://t.co/DxezhFzvqV,"@538016 Hi there, in the past 10 years, we’ve never made a major update to our visual identity. Now felt like the right time to do so.",general_feedback_or_other,1.0
2463397,@116029 Do I need a business card to upgrade to advanced?,"@705108 Hey Ben, to upgrade to Advanced, all you need is to sign up for Business and apply your payment method of choice - no extra cards required. Hope this helps clarify! 🙂",account_login,0.9
1561609,"I'm a huge @44875 fan, but since @118189 is targeting creatives with Paper I'm giving it a shot. So far, I really like it!","@482408 @44875 Hi Ben, thanks a lot! We'd be happy to hear more when you have more hands-on experience! Take care!",general_feedback_or_other,0.95
2027812,@DropboxSupport It turned out to be VPN interference. Thanks,"@599652 Hey, that’s great that you got this figured out! Thanks for letting us know. 
Cheers",general_feedback_or_other,1.0
929719,"@DropboxSupport I can't upload files anymore on the website. It doesn't show the sidebar &amp; when I click on ""upload files"" nothing happens.",@340584 ...what you're seeing? Thanks in advance! 2/2,sync_technical_bug,0.95
2421515,@118189 you didn't have scanning option by phone camera !?,"@695557 Hi there, which device are you using to take the photo? Have you followed the steps here to scan documents? https://t.co/8iDamS8okL",feature_request,0.9
2892956,"@DropboxSupport I have not forgotten my password - Dropbox is saying I must reset, but I don’t use the email that I set up my Dropbox with so I can’t reset it. There is no way to change my email without being able to get into my account. I don’t have a ticket ID to DM you","@801854 ...choose an email to which you can receive our responses and from which you can reply to us. You should get an automated email with the 7 digit ticket ID, please could you DM that to us in order to locate it in our system? Thanks! 2/2",account_login,0.95
1830200,"@118189 Dropbox Down in Taiwan, China, and India right now. https://t.co/afusi0zFdG","@549218 Hey there, thanks for flagging &amp; apologies for any inconvenience! This has been resolved &amp; all should be running normally now. Take care!",sync_technical_bug,0.95
1465060,@DropboxSupport I need help getting my DB business back online.  With no warning I was kicked off last night and my entire business is down.,"@460057 Hi there Brandon, thanks for reaching out! Could you DM us a little more information on this - Were you a member of a Business team... 1/2",account_login,0.9
2425730,@DropboxSupport Day 7 of the #dropbox sync. Not yet halfway... https://t.co/eOkLXiFcyD,"@625687 Hey Simon, we're here to check the case &amp; assist you in any way we can. We've reached back out to you on your message with more info regarding your request. Please check your inbox for our latest message, we're looking forward to hearing back from you there, thanks!",sync_technical_bug,0.95
88998,"@DropboxSupport Thanks for this. A little bit clunky I think. Probably safer to stick to using notes on phone. Safer all round. Lost 1,000 words yesterday 😬. Anyway, thanks again 👍",@135256 It is unfortunate that you lost your work Karl and will be forwarding this to our team to take note of. Please note that you can also work on Paper docs while offline on your mobile and they will be updated once you go online again. Thanks for writing in about this! 😊,data_loss_recovery,0.85
11438,"@DropboxSupport copy file with identical name and replace existing file, will break the link. IIRC, the second method  also worked until fairly recently. /2",@118193 ...name after the sync happened? Are the files you’re replacing large or small in size? 3/3,sync_technical_bug,0.85
246234,How do I not? @118189 https://t.co/TCmk8VgEnT,@174495 ...» toggle Paper to “Off” » Agree to Terms » Click “Apply changes”. Hope this helps! 2/2,general_feedback_or_other,0.8
1843288,@DropboxSupport Hi! Everything works fine now. Thank you!,@552319 Great news! Feel free to reach back if you need anything else! Thanks!,general_feedback_or_other,1.0
2187425,There is a serious caching problem in @118189 @59794 when changing the names of docs. Really annoying and forces a refresh.,"@640559 Hi Jamie, could you give us a little more details on what is occurring on your end? Is it just a delay in the renaming of Paper docs? Which device are you using and which browser? Any details would help!",sync_technical_bug,0.95
237557,@DropboxSupport I am requesting to re-send the confirmation email to change the email but is experiencing an error.,"@172563 Hi there, still experiencing this? If so, can you try using a different browser? Let us know. Thanks!",account_login,0.9
1297712,"@DropboxSupport All is good now, thanks",@423266 We appreciate the update Jasper. Hope you have a great week ahead!,general_feedback_or_other,1.0
1456150,@DropboxSupport Suddenly Dropbox started synching more than 30k files (using almost the entire CPU and slowing down my work). Why!??,@457981 ...CPU usage check this article which covers common causes + how to resolve: https://t.co/KQtmmJC6S3 Hope it helps! 3/3,sync_technical_bug,0.95
615096,@118189 it's not ideal having the report an issue flag on top of the play button. I've almost reported my company's video on accident multiple times. https://t.co/a0CEbQlz4n,"@266090 ...investigate &amp; DM us your ticket ID here, in order to search it internally &amp; assign it to a colleague? Thanks! 2/2",feature_request,0.95
1791440,12 ans pour uploader un fichier de 130Mo sur @118189 👏🏻,"@406701 Pourriez-vous vous rendre sur https://t.co/y7rSTLsgY2, puis nous DM votre adresse e-mail afin d'effectuer le suivi de votre demande? Merci!",general_feedback_or_other,0.85
1833459,"Opā, @118189 salūzis...","@550002 Hey there, there was a disruption on Saturday, which has now been resolved. If you're still having issues, please let us know. Thanks!",general_feedback_or_other,0.8
1926676,@DropboxSupport I doesn’t. Everything is enabled and nothing happens. 😕,@573395 ...you. We can forward feedback on Folder Activity to also be added as an optional notification ability. Hope this clarifies! 2/2,sync_technical_bug,0.9
1577541,"this should read “hi Elara your @118189 is full but we can help if you give us money. also we don’t have a student discount, so fuck you.” https://t.co/e8DIsWJNKg",@485912 ...article for ways to bump up your space: https://t.co/Cu3MGk07Ov Hope it helps! ⭐ 2/2,billing_subscription,0.85
214860,Fuck you @118189 get your fucking shit together so I can do my job,"@167051 Hi Jessica, is there anything we can do to assist with your Dropbox account? What seems to be the issue?",general_feedback_or_other,1.0
887768,@DropboxSupport Yes I’m running iOS 11.0.3 &amp; Dropbox 68.2.2 I have no error.. i noted that the upload doesn’t work like on ios10. Sometimes works and sometimes not,@330790 ...the ticket number so we can follow up on the case. Thanks. 2/2,sync_technical_bug,0.95
1973002,@DropboxSupport Your css is messed!  Multiple browsers tested - https://t.co/hPcBbjeOg2,"@584365 Hi there, we’d like to investigate this further. Please write to us at https://t.co/y7rSTLsgY2 and DM us your ticket ID. Thanks!",sync_technical_bug,0.95
1948517,@118189 what is your security’s email address? Keep getting fishing emails masking as Dropbox and thought I’d forward to y’all to fix. Thx,"@578916 Hi John, we appreciate your cooperation. To further investigate, please forward that report to us at __email__, thx &amp; happy Monday!",general_feedback_or_other,0.9
948837,@DropboxSupport It seems that ever since the last major ios update I can no longer transfer video from my iPhone to my Dropbox. It brings the file over but only with audio no video. Then I get a codec error trying to import it into Lightroom. Any suggestions how to fix this?,"@345019 Hi there, sorry to hear about this. Does it happen with all video files or specific ones? Can you also let us know of the files extensions (.mp4, .avi  etc)? Any detail would help. Thanks in advance!",sync_technical_bug,0.95
2079717,@DropboxSupport why do I keep getting https://t.co/CoOLaB19DY error 413???,"@497713 Hey Todd, to look into that with you, could you DM us a screenshot (omitting personal info) of the error message you're receiving? Thanks!",sync_technical_bug,0.95
190566,@118189 @DropboxSupport Wow! Thank you for adding a text editor to the Dropbox app! It works great!,@160720 We’re glad you like it 🙂,general_feedback_or_other,0.95
1155817,"@DropboxSupport quiero compartir una carpeta pero solo en lectura, que no puedes ser descargada las información a un ordenador","@391895 Hi Hans, we’ve just replied to your DM, thanks! 😊",how_to_usage,0.95
1441750,@DropboxSupport Dell has a promotional price for Dropbox Plus. can it be applied to my existing Plus membership?,"@454509 Hi Al, we’ve replied to your DM!",billing_subscription,0.95
877314,@DropboxSupport you confirm where the data is stored? Is it within the EU?,"@328260 Hi Emma, all files stored online by Dropbox are encrypted + kept in secure storage servers which are located in data centers across... 1/3",how_to_usage,0.9
2573135,"@118189 please, check this out. Three business days for reply is not OK. I have a business and personal account with you, check it - __email__ and __email__. If this happens to our business, would be terrible and would look for another provider. https://t.co/9XGCBpB7zH","@729729 Hey Andres, we’d like to follow-up on your request &amp; assist you in any way we can. Is there a ticket ID to reference? Please DM us your ticket# here , so as to look it up internally &amp; make sure to put your request to the attention of a colleague as soon as possible. Thanks!",followup_ticket_status,0.95
847915,@118189 @29961 @130906 Do you have this feature at a lower cost? #takemybusiness,@371918 @29961 @130906 ...definitely forwarding it to our dev team. thanks for sharing! 2/2,billing_subscription,0.95
2076703,@DropboxSupport @118189 Any way I can keep my Paper files organized in alphabetical order? Maybe a feature planned for the future? Thanks!,"@614196 @118189 Hey Quentin, not sure about future plans, but that’s a great idea, and we’re letting our Paper team know about it! Have a great week 🙂",feature_request,0.95
1129656,Pq quando a gente faz o upload no @118189 de uma foto tirada com o modo retrato do iPhone ela perde o efeito? Cc/ @DropboxSupport.,"@386249 Oi, gostaríamos de acompanhar esta questão. Você pode nos escrever no https://t.co/y7rSTLsgY2? Obrigado!",sync_technical_bug,0.9
1043016,@118189  https://t.co/BL5P1Jp8UG,"@366641 Hi there, we can certainly pass on your comments to our dev team for them to look into this.",general_feedback_or_other,0.8
1820067,"C'mon @118189, this is ridiculous. Clean up your UX. @DropboxSupport https://t.co/57X9Su6YJn","@251840 Hey Eric, seems like a browser-specific behavior. Could you try repeating through an incognito window &amp; let us know the results here? Thx!",general_feedback_or_other,0.85
1817845,"@DropboxSupport my account under email “__email__” was disactivated due to inactivity, how may I recover it?","@546038 Hey iJuan, to further investigate your account-specific issue, please write us at: https://t.co/6gPtR8GzbX &amp; DM us your ticket ID here, thx!",account_login,0.95
2867704,@DropboxSupport is it true that if I have already purchased a 1 year plan via a key on a third party website - there is no way to upgrade that to a professional plan?,"@149958 That’s true Jon, as currently, it is not possible to modify license key subscriptions, although you may keep in mind that there are both Dropbox Plus &amp; Professional promotional offers (https://t.co/VkRNYmSdVG). Hope helps you clarify more. Wishing you an amazing week ahead!",billing_subscription,0.95
847927,@118189 And It’s double price. $200 a year for 1TB. Are you kidding us?,@687327 ...https://t.co/vcuah3zoKb Hope this information helps! 2/2,billing_subscription,0.95
1879251,@DropboxSupport Well I’m a creative and my Dropbox is almost full. Wanna help me with that so I can focus on me workflow? 😅,"@560894 Hey again, nice one 😉 Feel free to have a look at this article for ways to bump up your space: https://t.co/Cu3MGkhIG3 Hope it helps! ⭐",billing_subscription,0.9
1288749,@DropboxSupport I’m on iOS 11.0.3 on an iPhone 7.,"@421415 ...a request at https://t.co/JzCu5Ol0GV if you'd like, in order to receive an additional update via email. Thanks! 2/2",general_feedback_or_other,0.9
2136821,"@DropboxSupport hi! if I must have 2tb space for my documents, how can I do? I see that have only plans for 1TB. Use only for myself. thx","@628583 Hi Riccardo, if you need 2 TB of storage, our Dropbox Business plans are currently the only plans that offer this increased space.",billing_subscription,0.9
1744650,@DropboxSupport Hey. I can no longer upload files to my dropbox home. Files are the correct size,"@526101 Hi there, sorry to hear you have issues uploading files. Are you receiving an error while doing so? DM us details! Thx!",sync_technical_bug,0.95
1911217,@DropboxSupport Yes I refreshed several times. Nothing visible in events,"@569341 Hi again, thx for confirming! Could you give us more detail on how the file was uploaded? Was it using the desktop app, mobile, or web? Thx!",data_loss_recovery,0.85
1331542,@118189 can you help after uploading pictures to Dropbox it just keeps saying checking for new pictures and l keep getting this https://t.co/JRghAI4XxM,"@296469 Hey James, could you let us know if you've downloaded 11.0.2 on your iOS device &amp; whether you're running the Dropbox version 68.2? Thanks!",sync_technical_bug,0.95
1978717,"@118189 photos in the preview, like you used to a while back. I take loads of pics on holiday and need to quickly summ #peacefromlondon 2/2","@452465 Hey Aaron, just to make sure, are you referring to the Photos tab? If so, keep in mind that the new Photos tab is a location where... 1/3",feature_request,0.85
1723245,@DropboxSupport Please contact me immediately in regards to my account,@521319 ...write us at https://t.co/JzCu5Ol0GV so we can get in touch with you and assist. Thanks! 3/3,account_login,0.8
1040830,@118189 And to add this... it would be cool feature if you would make possible something like 'lock folder' so everything in this folder and under cannot be shared by share folder or share file no circumstances and remove existing shares if any.,"@366204 Hey Zoran, both Paper docs &amp; Showcases are invite-only, so as for doc owners to be able to prevent any data breach by unauthorized activity &amp; doc owners can modify that in their Sharing Settings. Feel free to DM us here in case you have further concerns or inquiries, thanks!",feature_request,0.95
868426,"@118189 fantastic product, terrible support.  Good luck if you have billing questions or issues.","@326193 Hey there, do you have any ticket ID’s as reference to your support interactions that we can locate and review? Thanks in advance!",general_feedback_or_other,0.95
2723632,"@DropboxSupport Do you have any tips for getting Smart Sync folders marked as ""Online"" not to take up space on the HD? (macOS 10.12.6 &amp; Dropbox 39.4.49)","@265792 Hey John, provided that you’re the team admin, you’ll have to enroll to the feature from your admin console here: https://t.co/jruQIMirMj, following these steps: https://t.co/46momVfG0u. Secondly, you could check the tips in these resources here: https://t.co/yErfKHJXdi &amp;... 1/2",how_to_usage,0.95
1911219,@DropboxSupport why am I not seeing file uploaded to shared folder. Nothing wrong with the name etc. https://t.co/YAKCiiSjhz,"@569341 Hi there, did you try refreshing the webpage to see if there were any changes? Does the file appear in https://t.co/kdvQYXf7yH ?",sync_technical_bug,0.95
760154,@118189 how 'bout you spend a little less time rebranding and a lot more time making sure your download button downloads the right picture,"@301620 ...details, so as to work on that together, thanks! 2/2",sync_technical_bug,0.9
1817838,"@DropboxSupport Had problems seeing files others put on shared fldrs, so did a reinstall on desktop, but my profile, many files deleted SOS","@546037 Hey Amy, to restore deleted files you can visit your Events page here: https://t.co/WlNQRcsSVk. Feel free to DM us for more info, thx!",data_loss_recovery,0.95
1754989,"@DropboxSupport Hello
please I lost all my folders from my dropbox account without any action. help please",@528542 ...able to restore them yourself by clicking on the link. DM us details! 2/2,data_loss_recovery,0.99
1674618,"@DropboxSupport Hi Dropbox thanks, here it is. Ticket  NO. 7199042  Fyi, I have stopped using Dropbox on my iPhone until this issue gets fixed.","@509521 Hi again, we’ve located your ticket on the system and can see that you are already in communication with an agent. They will be... 1/2",followup_ticket_status,0.95
1708652,@DropboxSupport They will not respond. Trying for a week!! That's why I am tweeting!! So what to do? #sucks,"@517762 Hi again, have you already submitted a ticket? Can you please DM us the ID so as to locate your case? Thanks!",followup_ticket_status,0.95
1986276,"@DropboxSupport It was not a shared folder, they were files on my own account. Tried viewing deleted files, but none showing. The files just disappeared.","@453934 Hi Trey, are you able to find the missing files/ folder in the events page? If so what message does it state? You can find the events... 1/2",data_loss_recovery,0.95
1737479,@DropboxSupport Thanks for the reply. Just to let you know the issue still persists.,@524491 ...reload again. Thanks in advance! 2/2,followup_ticket_status,0.9
1419322,@DropboxSupport i.e. an academic's worst nightmare...off to go make more back-ups.,"@449942 Hi there, our engineers were working on this problem and it is now fixed. All services and functionality should be fully restored.",data_loss_recovery,0.8
1438931,"@DropboxSupport I have an entire directory that has disappeared from both online and from devices, and there are no move or delete events.","@453934 Hi Trey, was it a shared folder? Check https://t.co/Ua2DuW806Z to see if you can add it back. Otherwise, on https://t.co/kdvQYXf7yH,... 1/2",data_loss_recovery,0.99
1069139,"@DropboxSupport I tried to open my files and notice with today's update, they are all gone. What's up???","@372299 ...see that option, please message our team at https://t.co/iIc938jY1e. DM us the ticket ID so we can follow up on the case. 3/3",data_loss_recovery,0.95
868437,@DropboxSupport We don’t have the ‘restore’ option on a previous version of a file? It was changed less than 30 days ago. Any ideas?,"@326197 Hi there, bear with us as we are currently replying to your DM. Thanks!",data_loss_recovery,0.95
1923425,@DropboxSupport Do i really have to select them 1by1 and restore?,"@572523 Hi Rasmus, you can visit https://t.co/dCpp2bDyjX to see if there was a ‘bulk’ deletion, and then restore it that way. Otherwise, we... 1/2",data_loss_recovery,0.95
925778,@118189 how long before we should expect a reply from your support account? It’s been over 24 hrs?!,"@326197 Hi there, do you have any ticket ID’s as reference to your support interactions that we can locate and review? Thanks in advance!",followup_ticket_status,0.95
42994,@DropboxSupport Thanks for your time and support. No need to follow up if I create a ticket at support right?,"@125531 Hi again, there’s no requirement for the followup, but it helps us to locate the ticket to see if we can get an agent assigned to it sooner!",followup_ticket_status,0.95
1923417,"@DropboxSupport I still need to talk to someone, issue still not resolved for two months.  Help!","@455194 Hi again, as we mentioned before, phone support is only available for team admins of Dropbox Business subscriptions on the Advanced... 1/2",followup_ticket_status,0.95
1105553,"Hi @118189 , last night I sent a DM to @DropboxSupport about an issue and I still have no answer from them. Could you look into it pls? thx","@380893 Hey Joe, we're replying to your DM, thanks for bearing with us!",followup_ticket_status,0.95
2778535,@DropboxSupport needing your support. Sent a message already. Thanks in advance.,"@116917 Hey Michael, we're here to check the case &amp; assist you in any way we can. We've reached back out to you on your message asking more info regarding your request. Please check your inbox for our latest message, we're looking forward to hearing back from you there!",followup_ticket_status,0.8
1874194,"@116029 support is the worst.  ""When will I get a call back?"" ""I don't know."" ""What's your SLA?"" ""That's a different department.""","@559515 Hi Mike, do you have any ticket ID’s as reference to your support interactions that we can locate and review? Thanks in advance!",followup_ticket_status,0.92
2175319,current status for @118189’s paused state (which it has been for some days now yet it still randomly decided to stuff) https://t.co/ae6XUNX9AK,"@634464 Hi Neal, do you have symlinks in your Dropbox folder? Check out this article for reasons of high CPU usage: https://t.co/dnojKdG8yg",followup_ticket_status,0.9
